Person ID,Person Name
10318,Ark Performance
28287,Arc light
12256,Arthur Drie Ann
14237,Focus
21938,Arsenal
7805,Art Spiegerman
12801,Ernest Thompson Seaton
20642,Ahbin
18498,E. S. Gardner
23782,reactor
12870,R words
1,"Ah, this"
9546,R. Isao Koga
14389,R ☆ Tonko
24641,Ah
24651,Aiuki
24642,"Ah, Koyu"
24652,love
24653,love
24655,Love
11000,Indigo
17004,Atsushi
5557,History of love
17379,Ai ♥ Kup
20961,I Sigo
4657,Indigo
26517,IIS-P
22829,Loving landing
19981,Aiuchi
18913,Minami Aiuchi
22877,Aoi Light
28141,Akiga Yugiri
21918,Hiroyuki duck
3284,Ayumu Aikawa
15126,Isaki Sokawa
14168,Aikawa Kazumi
2,Aika Kumi
10146,Akikawa Sakai
4,Satoshi Aikawa
7695,From Aikawa
8057,Naokawa Noboru
8245,Aikawa Tetsuji
2316,Tetsuya Aikawa
7422,Aikawa Natsuto
22752,Nanase Aikawa
6718,River Aikawa
12042,Aikawa Nikka
10294,Hiro Aikawa
9361,Fujiko Aikawa
27869,Aikawa Masobu
3817,Miyuki Aikawa
1942,Aikawa Moko
3896,Aikawa Yu
23119,Ryo Aikawa
9527,Aikawa Sora
10504,Aikida
20257,Chihiro Aikura
16833,Iko
16639,Aizaki Uta
13166,Aizaki Yu
10004,Ike Aizawa
7439,Hiroshi Aizawa
26308,Kiyoshi Aizawa
13080,Sayo Aizawa
3285,Sanae Aizawa
20475,Daisuke Aizawa
1968,Haruka Aizaki
6,Hiroshi Aizawa
10653,Hiroshi Aizawa
9265,Mai Aizawa
25695,Ryo Aizawa
5904,Mari Aizawa
7,Mira Aizawa
23813,Motori Aizawa
7455,Yu Aizawa
5129,Akira Aizawa
15926,Momoshiro Aishima
13546,Yasunari Aizu
27219,Aisu refrigerator
17289,Izumi Aise
27422,Aso
14347,Aizen Goro
13313,Mt of Aizora
13081,Aidairo
12007,Kaoru Aida
5863,Kazuki Aida
5612,Aida Claire
27254,Megumi Eida
14039,Gohei Full Winter
4459,Kohei Aida
9135,Sakura Aida
10148,Natsunami in between
11451,Aida Pan
8117,Hitoshi
17100,Makoto Aida
2317,Mayumi Aida
26104,Aida sound
8034,Yutaka Aida
19750,Yuji Aida
21277,Hira Aida
20389,Heading of Oda
4489,Yutaka Aida
12102,Aizu Satoshi
22274,Aizuki Ion
