Work ID,Title,Thumbnail Picture,Credit,Year of First Publication,First Publisher,User Rating,Reviews,Genre,Number of Volumes,Status
13768,ArbeZアーヴェ・ズィー,,,,,,,,,
10717,アーガイルの少年,,,,,,,,,
99348,あーきてくちゃ・ふぉとぐらふ,,,,,,,,,
34207,ARK,,,,,,,,,
90323,アークザラッド,,,,,,,,,
14777,アークザラッド II〜炎のエルク〜SEVENFOLD STORIES,,,,,,,,,
26450,アークザラットII,,,,,,,,,
65223,アーグレーカー,,,,,,,,,
21043,アーケードゲーマーふぶき,,,,,,,,,
79205,アーケードバトラー カケル,,,,,,,,,
13600,AH!こけこっこ,,,,,,,,,
20825,アーサーGARAGE,,,,,,,,,
53113,アーサーブライト,,,,,,,,,
2845,アーシアン,,,,,,,,,
70430,URSH-KID,,,,,,,,,
9011,アーシュラ!,,,,,,,,,
20438,アース,,,,,,,,,
16390,earth,,,,,,,,,
93022,涙星 チンピラ子守歌,,,,,,,,,
16589,アースウインド&ファイアー,,,,,,,,,
79158,Ah.好きだよ。,,,,,,,,,
33307,アース★フロンティアへようこそ★,,,,,,,,,
16577,アースマン,,,,,,,,,
37420,アースロコロッサス,,,,,,,,,
88896,Ah!soですね,,,,,,,,,
44964,アーチャーズ・カルテット,,,,,,,,,
99028,あーちゃんとでで,,,,,,,,,
24075,アーティ・スクエア,,,,,,,,,
29335,ARTIFACT;RED,,,,,,,,,
22756,The Artificial Angel,,,,,,,,,
75015,あーとかうーしか言えない,,,,,,,,,
31767,アート鑑定人 DARUMA,,,,,,,,,
67272,ART GYANGSTA,,,,,,,,,
31782,アート探偵DARUMA,,,,,,,,,
90754,アートないけにえ,,,,,,,,,
16590,アート・ペッパー,,,,,,,,,
41833,ATRAIL ニセカヰ的日常と殲滅エレメント,,,,,,,,,
19381,アーニャちゃん渋谷にあらわる,,,,,,,,,
9378,アーネストジャイヴ,,,,,,,,,
31085,アーノルド,,,,,,,,,
14122,ABC,,,,,,,,,
82449,アーバン♡アバンチュール,,,,,,,,,
12282,アーバンナイトストーリー!!ジ・ゴ・ロ,,,,,,,,,
90696,都市忍者㊙物語 ローンサムウルフ,,,,,,,,,
51873,あーほ,,,,,,,,,
45692,ARMORED,,,,,,,,,
20974,Army Farewell,,,,,,,,,
21727,アームジョー,,,,,,,,,
16262,ARMS,,,,,,,,,
93747,ARMSスゴウデギャグファイト!,,,,,,,,,
45964,アームストロング 人類で初めて月面に降り立った宇宙飛行士,,,,,,,,,
74804,アームドアーム,,,,,,,,,
68735,扁桃花の秘密,,,,,,,,,
37792,アー・ユー・ハッピー?,,,,,,,,,
91831,ARE YOU HOT?,,,,,,,,,
92815,AYUS 第二次生命体,,,,,,,,,
43878,アーラくん,,,,,,,,,
2492,あーら わが殿!,,,,,,,,,
28831,アーリーグリーン・ファイアロード,,,,,,,,,
85058,アーリーサマー,,,,,,,,,
86037,Early Lemon,,,,,,,,,
45255,アーリィは森から出られない。,,,,,,,,,
51158,アール,,,,,,,,,
41867,RX-78誕生秘話,,,,,,,,,
29725,R.O.D -READ OR DREAM-,,,,,,,,,
19917,R.O.D -READ OR DIE-,,,,,,,,,
72497,R.O.D -REHABILITATION-,,,,,,,,,
19184,アールグレイ氏の優雅な生活,,,,,,,,,
50880,アールグレイを6人分!,,,,,,,,,
77226,R・G・B!,,,,,,,,,
10809,RCファイトケジメ,,,,,,,,,
23300,R指定,,,,,,,,,
99267,R指定の恋,,,,,,,,,
86291,R15+じゃダメですか?,,,,,,,,,
45289,R18!,,,,,,,,,
45551,R-16,,,,,,,,,
33769,[R-16]R,,,,,,,,,
36033,R-中学生,,,,,,,,,
27460,R2 TRAFFIC ACCIDENTS FILE,,,,,,,,,
20863,R² 【rise R to the second power】,,,,,,,,,
53858,rpm,,,,,,,,,
16139,R.P.G.,,,,,,,,,
58626,RPG刑事,,,,,,,,,
21496,RPGなんてこわくない!,,,,,,,,,
87773,RPGの悪役に転生してしまったけど、生き残りたい,,,,,,,,,
75774,RPGの門,,,,,,,,,
65826,RPG不動産,,,,,,,,,
49424,R46,,,,,,,,,
67940,R402,,,,,,,,,
77071,あ〜ん♥お口に幸せサプリ,,,,,,,,,
15068,ああああ熱い,,,,,,,,,
15074,ああああ体じゅうに,,,,,,,,,
97939,ああ家出,,,,,,,,,
71967,ああいえば英雄,,,,,,,,,
50541,ああ1グラムの青春,,,,,,,,,
2970,ああ一郎,,,,,,,,,
32288,あぁ愛しの番長さま,,,,,,,,,
21608,ああ栄冠は君に胸キュン,,,,,,,,,
91989,ああ沖縄健児隊,,,,,,,,,
9044,ああ!男泣き塾,,,,,,,,,
86911,ああ悲しきおじゃまむしブルース,,,,,,,,,
94227,ああ!カンちがい!?,,,,,,,,,
59737,ああ!吸血鬼,,,,,,,,,
57931,ああ球魂,,,,,,,,,
75604,嗚呼! 旧車會,,,,,,,,,
98385,ああ兄弟,,,,,,,,,
97909,ああ!結婚,,,,,,,,,
50931,ああ!恋の鈍才大変身,,,,,,,,,
26407,ああ!!甲子園,,,,,,,,,
21477,ああ主よ、このよろこびを,,,,,,,,,
18804,嗚呼!純愛番長,,,,,,,,,
83599,嗚呼純情びっち,,,,,,,,,
53146,ああせいこうせい同棲,,,,,,,,,
62074,ああ青春,,,,,,,,,
83142,あゝ青春のダブルドリブル,,,,,,,,,
51944,ああせけんさま,,,,,,,,,
42824,ああ戦艦大和,,,,,,,,,
25739,ああ探偵事務所,,,,,,,,,
89732,ああっおまちどう様っ!!,,,,,,,,,
64455,ああっ就活の女神さまっ,,,,,,,,,
76583,ああっ青春オナニスト,,,,,,,,,
6205,ああっ女神さまっ,,,,,,,,,
19028,ああっ女神さまっ 小っちゃいって事は便利だねっ,,,,,,,,,
58007,ああ泥酔拳,,,,,,,,,
51593,ああ天皇とボクの五十年,,,,,,,,,
39389,嗚呼どす恋ジゴロ,,,,,,,,,
52428,ああ長崎の鐘が鳴る,,,,,,,,,
49910,ああ日本活動Y写真 青春フィルム奮戦記,,,,,,,,,
45974,噫 日本共産党50年伝,,,,,,,,,
5071,鳴呼!!花の応援団,,,,,,,,,
35561,嗚呼!花のゴルフ部 大阪工業大学体育会ゴルフ部編,,,,,,,,,
42454,嗚呼!花のゴルフ部 大阪工業大学体育会ゴルフ部編 [読み切り版],,,,,,,,,
3352,ああ播磨灘,,,,,,,,,
26685,ああ播磨灘 外伝ISAO,,,,,,,,,
81867,嗚呼番長!,,,,,,,,,
26043,嗚呼!毘沙門高校,,,,,,,,,
18306,ああ北極の犬たちよ,,,,,,,,,
58909,ああ!?闘牛士,,,,,,,,,
51334,ああ無情 [ガロ版],,,,,,,,,
57506,あァ無情,,,,,,,,,
22591,ああ、猛虎軍,,,,,,,,,
61608,嗚呼!悶絶遊技場,,,,,,,,,
265,鳴呼!祐天寺家,,,,,,,,,
39736,ああ予科練,,,,,,,,,
22928,ああんクレムリン,,,,,,,,,
22992,愛 虹の始まる谷から,,,,,,,,,
51456,新釈武士道物語 愛,,,,,,,,,
70302,アイ,,,,,,,,,
63041,あい。,,,,,,,,,
94346,AI,,,,,,,,,
37325,IR 〜インシデント・レポート〜,,,,,,,,,
17986,アイアイ,,,,,,,,,
75822,相合傘をしたい女子,,,,,,,,,
79652,あいあむアイスクリーム!,,,,,,,,,
1859,アイアムAGIRL,,,,,,,,,
46338,アイアム・ア・ソルジャー,,,,,,,,,
33145,アイアムアヒーロー,,,,,,,,,
79710,アイアムアヒーロー in IBARAKI,,,,,,,,,
79709,アイアムアヒーロー in OSAKA,,,,,,,,,
48227,アイアムアヒーロー in NAGASAKI,,,,,,,,,
43883,アイアムアヒーロー誕生秘話,,,,,,,,,
89345,I am a boy!,,,,,,,,,
8725,あいあむ・ゲンキ!,,,,,,,,,
49598,I AM SHERLOCK,,,,,,,,,
43326,アイアムノットアヒーロー,,,,,,,,,
50444,あいあむヒーロー,,,,,,,,,
90267,アイアムブロッコ・リー,,,,,,,,,
3056,I amマッコイ,,,,,,,,,
61800,アイアムU等生,,,,,,,,,
46313,あいあむリップ,,,,,,,,,
68534,愛ある家族,,,,,,,,,
20985,愛ある生活。,,,,,,,,,
58078,アイアン,,,,,,,,,
76319,アイアンアッガイ,,,,,,,,,
41069,IRON CURTAIN,,,,,,,,,
34137,アイアンキング,,,,,,,,,
27269,アイアンキング,,,,,,,,,
34249,アイアンキング,,,,,,,,,
34250,アイアンキング,,,,,,,,,
26612,アイアンキング,,,,,,,,,
33998,アイアンキング,,,,,,,,,
24155,アイアンキングリターンズ,,,,,,,,,
95362,アイアンくん,,,,,,,,,
54214,アイアン・ゴーストの少女,,,,,,,,,
58977,アイアンジョーカーズ,,,,,,,,,
91230,アイアンスノー,,,,,,,,,
91012,アイアン・ダッグ,,,,,,,,,
8543,愛&優,,,,,,,,,
41073,アイアンナイト [読み切り版],,,,,,,,,
41074,アイアンナイト,,,,,,,,,
5184,鉄の処女JUN,,,,,,,,,
45655,アイアンバディ,,,,,,,,,
78537,アイアンヒップ,,,,,,,,,
69391,アイアンフェザー,,,,,,,,,
48322,鉄の馬,,,,,,,,,
7247,アイアンホース,,,,,,,,,
27231,アイアンマッスル,,,,,,,,,
44746,アイアンマン,,,,,,,,,
21518,アイアンマン,,,,,,,,,
20316,Iron Maiden〈鉄の処女〉,,,,,,,,,
100050,IRON MAIDEN,,,,,,,,,
58785,アイアンメイド・アリス,,,,,,,,,
17181,アイアン・レィディ,,,,,,,,,
38598,藍色回廊殺人事件,,,,,,,,,
7896,あい色神話,,,,,,,,,
2893,藍色セルロイド,,,,,,,,,
4195,藍色伝説,,,,,,,,,
50822,藍色の雨をかけぬけて,,,,,,,,,
8678,あい色の涙,,,,,,,,,
13806,愛色メロディー,,,,,,,,,
93106,アイヴァンホー,,,,,,,,,
48180,I Wish,,,,,,,,,
63438,I wish…,,,,,,,,,
90564,I will…,,,,,,,,,
97225,I WILL ROCK YOU,,,,,,,,,
2571,あいうえウリンボ,,,,,,,,,
79319,I・餓男 [松久鷹人版],,,,,,,,,
22575,I・餓男,,,,,,,,,
84842,相討ち,,,,,,,,,
47779,あいうら,,,,,,,,,
78986,相浦さんは出席番号1番,,,,,,,,,
43395,IS 〜男でも女でもない性〜,,,,,,,,,
76846,あいえすっ!,,,,,,,,,
97688,ING!ラブボール,,,,,,,,,
26812,IN23H,,,,,,,,,
4828,I.L,,,,,,,,,
18703,愛煙家の憂鬱,,,,,,,,,
77890,合煙奇煙,,,,,,,,,
43097,愛俺! 男子校の姫と女子高の王子,,,,,,,,,
84507,アイオン,,,,,,,,,
71708,AIKa,,,,,,,,,
24586,愛+少女〜アイ・ガール〜,,,,,,,,,
76687,AIKa R-16 School Mission,,,,,,,,,
87017,愛が集まる場所,,,,,,,,,
17304,愛がありますか?,,,,,,,,,
82401,愛があるなら大丈夫,,,,,,,,,
9067,愛があれば!!,,,,,,,,,
472,愛があればいーのだ,,,,,,,,,
87484,愛があればLOVE!!,,,,,,,,,
3348,愛がいそがしい,,,,,,,,,
13112,愛がいっぱい,,,,,,,,,
97154,実話マンガ 愛が重たい女の子とばかりつきあう俺のヒリヒリ恋愛日記,,,,,,,,,
99935,合鍵くんと幸せごはん,,,,,,,,,
92337,愛がこごえる朝に,,,,,,,,,
61147,愛が死ぬのは君のせい,,,,,,,,,
73921,AIka ZERO,,,,,,,,,
11305,相方はあなただけ,,,,,,,,,
78964,相方不在,,,,,,,,,
33940,愛が地球を救うのだ!,,,,,,,,,
34572,アイカツ! GO!GO!GO!,,,,,,,,,
40599,アイカツ! Secret Story,,,,,,,,,
61870,アイカツスターズ! 星のツバサ,,,,,,,,,
60097,アイカツフレンズ! [ちゃお版],,,,,,,,,
87855,アイカツフレンズ! [ぷっちぐみ版],,,,,,,,,
15769,愛がつまってる!,,,,,,,,,
50896,愛が止まらない,,,,,,,,,
86,A・Iが止まらない!,,,,,,,,,
56398,愛がなくっちゃ、こまります!,,,,,,,,,
12413,愛がなくっちゃね。,,,,,,,,,
65764,愛がなくても喰ってゆけます。,,,,,,,,,
9795,愛かなでる日々に,,,,,,,,,
13657,愛がなりやまない,,,,,,,,,
71448,合金さんちの日常,,,,,,,,,
1693,愛がひとりぼっち,,,,,,,,,
41245,愛が星いッ,,,,,,,,,
3091,愛がゆく,,,,,,,,,
93657,愛がよみがえる島,,,,,,,,,
90727,アイからはじまる,,,,,,,,,
90730,アイからはじまる [番外編],,,,,,,,,
78429,アイ変わらず,,,,,,,,,
69868,あいかわらずです,,,,,,,,,
41442,愛玩獣,,,,,,,,,
99183,愛玩人類,,,,,,,,,
90837,愛玩調教師,,,,,,,,,
100918,愛玩動物,,,,,,,,,
80419,愛玩動物,,,,,,,,,
78392,哀玩の廻廊,,,,,,,,,
79275,愛玩婦,,,,,,,,,
77576,愛玩奉公,,,,,,,,,
75743,愛玩ラブドール,,,,,,,,,
34756,愛気,,,,,,,,,
40492,アイギーナの予言,,,,,,,,,
34757,愛気-S,,,,,,,,,
62948,i kiss,,,,,,,,,
23187,合気道橋本道場,,,,,,,,,
88770,IQなんていらない,,,,,,,,,
81202,IQにとりりおん,,,,,,,,,
98104,愛Q学園,,,,,,,,,
32320,IQボーイ,,,,,,,,,
69466,IQロマンス,,,,,,,,,
4728,愛♡クロスロード,,,,,,,,,
29305,愛犬うめのはな,,,,,,,,,
97906,愛犬ドン,,,,,,,,,
62112,愛犬ボロー,,,,,,,,,
35036,愛犬わをん,,,,,,,,,
2269,AIKO〜アイコ〜,,,,,,,,,
8964,AIKO大江戸捕物帖,,,,,,,,,
9541,哀国戦争 猪野矢一郎のスペイン,,,,,,,,,
96208,あいごころ。,,,,,,,,,
50519,アイコ36歳,,,,,,,,,
6444,アイコさんの家族絵日記,,,,,,,,,
18118,アイコ十六歳,,,,,,,,,
79867,あいこスリリング18,,,,,,,,,
410,愛こそす・け・べ,,,,,,,,,
63997,愛こそすべて,,,,,,,,,
41706,アイコト,,,,,,,,,
97057,愛言葉 LEAF WORLD,,,,,,,,,
50540,合いことばはぴったしカンカン,,,,,,,,,
821,愛❤こねくしょん,,,,,,,,,
71272,愛子の証明,,,,,,,,,
62640,あいこのまーちゃん,,,,,,,,,
67927,あいこら,,,,,,,,,
45479,アイコン!,,,,,,,,,
55402,愛妻記,,,,,,,,,
85962,愛さえあれば,,,,,,,,,
6744,愛さずにはいられない,,,,,,,,,
8956,愛さずにはいられない,,,,,,,,,
87970,愛されエルフは冷たく笑う,,,,,,,,,
96254,愛され王子の異世界ほのぼの生活,,,,,,,,,
37201,愛されすぎてこまる!,,,,,,,,,
50340,愛されたいと泣いた夜,,,,,,,,,
31675,愛されたいの,,,,,,,,,
88279,愛されたいの,,,,,,,,,
100455,愛された腹話術士,,,,,,,,,
1180,愛されて世紀末,,,,,,,,,
41812,愛されない宿命,,,,,,,,,
53457,愛され洋輔,,,,,,,,,
17681,愛されるカラダ,,,,,,,,,
56918,愛されるより○されたい,,,,,,,,,
85277,相沢家のえとせとら,,,,,,,,,
82092,相沢さん増殖,,,,,,,,,
40106,逢沢りく,,,,,,,,,
83641,あいしー・あいしー,,,,,,,,,
70215,ICS犀生国際大学A棟302号,,,,,,,,,
78886,I.C.U.,,,,,,,,,
22467,アイシールド21,,,,,,,,,
21326,アイシールド21 [読み切り版],,,,,,,,,
26811,愛しあう事しかできない,,,,,,,,,
21373,愛しあうならワンルーム,,,,,,,,,
4115,愛し合ってなんかいられない,,,,,,,,,
12298,愛しあってるかい!?,,,,,,,,,
32389,愛しすぎる女たち,,,,,,,,,
80883,哀♥SISTER,,,,,,,,,
12290,愛♥したい,,,,,,,,,
3425,愛したい女たち,,,,,,,,,
45870,愛したのはシーク,,,,,,,,,
45861,愛したのは別人,,,,,,,,,
55111,愛したのは私?,,,,,,,,,
86649,愛したぶんだけ愛してほしいっ!,,,,,,,,,
6146,愛しちゃった放課後,,,,,,,,,
47384,愛して、お父さん,,,,,,,,,
51480,愛して…愛して…愛しちゃったのよ!!,,,,,,,,,
428,愛してあげる,,,,,,,,,
61566,アイ・シティ,,,,,,,,,
690,愛していいですか,,,,,,,,,
69263,愛しているといってくれ,,,,,,,,,
57354,愛しているのよ♡恭平さん!,,,,,,,,,
4114,愛しているよ,,,,,,,,,
9575,アイシテウルフBOY,,,,,,,,,
21880,愛してガッテン,,,,,,,,,
48672,愛してキャンディ,,,,,,,,,
61643,愛してください,,,,,,,,,
56926,愛してくれる人が、王様,,,,,,,,,
80209,愛シテGO!,,,,,,,,,
22110,愛してごめんなさい,,,,,,,,,
64425,愛してごめんなさい,,,,,,,,,
54778,愛してサイキック,,,,,,,,,
8922,愛してセーラ!,,,,,,,,,
260,愛してソウロウ,,,,,,,,,
78621,愛してって君は言う,,,,,,,,,
45051,あいしてない、かも。,,,,,,,,,
4459,愛してナイト,,,,,,,,,
57014,愛してなんか、いないよ?,,,,,,,,,
3176,愛して姫子さん,,,,,,,,,
83674,愛♡してほしいの,,,,,,,,,
41727,愛してミスター,,,,,,,,,
10379,愛してミントBOY,,,,,,,,,
12266,愛してもいいですか?,,,,,,,,,
19088,愛してやる,,,,,,,,,
73019,アイシテル 〜海容〜,,,,,,,,,
7502,あいしてる,,,,,,,,,
24757,愛してるぜベイベ★★,,,,,,,,,
329,愛してるといってよ,,,,,,,,,
23009,愛車買います!,,,,,,,,,
55330,愛者三友,,,,,,,,,
6019,哀シャドー,,,,,,,,,
87894,アイシャにおまかせ!,,,,,,,,,
6894,愛しゃるリターン,,,,,,,,,
47391,アイシャルRe:TURN,,,,,,,,,
70992,哀愁,,,,,,,,,
11449,哀愁荒野,,,,,,,,,
52412,哀愁生活,,,,,,,,,
24188,哀愁戦士ヒーローババーン,,,,,,,,,
70906,哀愁のシマキマン,,,,,,,,,
59673,哀愁のみつるくん,,,,,,,,,
89231,哀愁の港町,,,,,,,,,
6035,愛修羅 ザ レジェンド,,,,,,,,,
101174,愛情,,,,,,,,,
33232,i・ショウジョ,,,,,,,,,
33233,i・ショウジョ+,,,,,,,,,
72959,哀情チェリッシュ,,,,,,,,,
19007,愛情反応,,,,,,,,,
98968,愛情表現,,,,,,,,,
81169,愛情♥表現,,,,,,,,,
36963,愛情物語 〜あかりの場合〜,,,,,,,,,
2372,愛情レンタル,,,,,,,,,
19849,愛…しりそめし頃に…,,,,,,,,,
19853,愛…しりそめし頃に…特別編 さらば友よ,,,,,,,,,
63709,愛治朗画伯の逡巡,,,,,,,,,
7664,愛人,,,,,,,,,
6532,愛人,,,,,,,,,
25837,愛人以上恋人未満,,,,,,,,,
12613,あいしんくそう,,,,,,,,,
2763,愛人宣言,,,,,,,,,
3428,愛人たち,,,,,,,,,
38450,アイジンと僕,,,,,,,,,
18707,あいじんなんにんできるかな,,,,,,,,,
70936,愛人の値段,,,,,,,,,
29621,愛人は殺される,,,,,,,,,
13113,愛人未満,,,,,,,,,
14909,eyes 金銀妖瞳,,,,,,,,,
52236,あいす,,,,,,,,,
92390,I's,,,,,,,,,
88612,アイズ -eyes-,,,,,,,,,
32139,I''S-アイズ-,,,,,,,,,
29349,アイスエイジ,,,,,,,,,
95618,EYES OF BEAST,,,,,,,,,
44634,あいすき -浮世絵の恋-,,,,,,,,,
48569,アイスクリーム,,,,,,,,,
66831,アイスクリーム,,,,,,,,,
73591,アイスクリーム,,,,,,,,,
53330,アイスクリーム,,,,,,,,,
67224,アイスクリーム,,,,,,,,,
88092,アイスクリームカノジョ,,,,,,,,,
67511,アイスクリン,,,,,,,,,
96190,イリエ史記外伝 アイス・クロウ,,,,,,,,,
77464,愛ス♥ショット,,,,,,,,,
31948,ICE SCREAM!,,,,,,,,,
87459,アイス・タイム,,,,,,,,,
71304,アイスティー,,,,,,,,,
72785,I still love U,,,,,,,,,
57239,アイスバーン,,,,,,,,,
37264,あいす☆プリンス,,,,,,,,,
86518,愛すべき人,,,,,,,,,
22093,愛すべき娘たち,,,,,,,,,
94946,アイスヘッドギル,,,,,,,,,
22839,アイスマン,,,,,,,,,
33941,愛す男,,,,,,,,,
46194,アイスランド,,,,,,,,,
38683,愛するあまり,,,,,,,,,
78102,哀する妹,,,,,,,,,
96250,愛する技術,,,,,,,,,
13537,愛すること愛されること,,,,,,,,,
28583,愛する社長,,,,,,,,,
21771,愛人,,,,,,,,,
15757,愛する人へ・・・,,,,,,,,,
30427,愛する二人別れない二人,,,,,,,,,
48996,愛する者のために,,,,,,,,,
62698,愛する私の…,,,,,,,,,
35129,愛せない,,,,,,,,,
49677,アイ先生はわからない,,,,,,,,,
68395,アイゼンファウスト 隷婦忍法帖,,,,,,,,,
68393,アイゼンファウスト 天保忍者伝,,,,,,,,,
66077,愛染横丁,,,,,,,,,
56860,愛憎ストリーム,,,,,,,,,
21483,愛そうとする子を俺は,,,,,,,,,
11091,愛染抄,,,,,,,,,
52467,愛想笑いは自律神経を痛める,,,,,,,,,
93354,アイターン,,,,,,,,,
95456,あい・ターン,,,,,,,,,
68660,あいたい,,,,,,,,,
24516,会いたい,,,,,,,,,
72483,会いたいけど会いたくない,,,,,,,,,
72994,愛VSジレンマ,,,,,,,,,
5446,逢いたい.な,,,,,,,,,
92515,会いたかった。 〜代理母出産への挑戦〜,,,,,,,,,
2595,逢いたくて,,,,,,,,,
25159,会いたくて,,,,,,,,,
91280,逢いたくて、島耕作,,,,,,,,,
1646,逢いたくなった時に君はここにいない,,,,,,,,,
95401,愛だけに。,,,,,,,,,
3819,愛たけりゃBEDに恋,,,,,,,,,
85767,愛だ恋だのいってないで2,,,,,,,,,
84971,愛だ恋だのいってないで,,,,,,,,,
98180,あいだにはたち,,,,,,,,,
37403,あいたま,,,,,,,,,
74366,愛だもんねっ,,,,,,,,,
38687,愛だよ愛!!,,,,,,,,,
66212,愛知・きしめん,,,,,,,,,
47292,愛知県 〜味噌かつ〜,,,,,,,,,
52395,あいちゃん,,,,,,,,,
47874,あいちゃんの観察日記,,,,,,,,,
52818,愛ちゃんを捜して,,,,,,,,,
12620,あいつ,,,,,,,,,
26044,あいつ,,,,,,,,,
69146,あいつ!,,,,,,,,,
6646,アイツ,,,,,,,,,
5462,あいつ,,,,,,,,,
50412,あ・い・つ,,,,,,,,,
51762,あいつ,,,,,,,,,
13257,あいつ,,,,,,,,,
1572,A・I・TSU,,,,,,,,,
6607,プロゴルファー あいつァ物騒,,,,,,,,,
75429,アイツ、異世界から帰ってきたっぽくね?,,,,,,,,,
4646,会津おとこ賦,,,,,,,,,
79977,あいつがうちにくる理由,,,,,,,,,
8882,あいつがゴッチ,,,,,,,,,
79033,あいつがサンタ!,,,,,,,,,
58458,あいつがズームアップ,,,,,,,,,
58466,あいつがNOW,,,,,,,,,
151,あいつがHERO,,,,,,,,,
8391,あいつが魔法使い,,,,,,,,,
43570,あいつたちの季節,,,,,,,,,
83280,愛って。,,,,,,,,,
14426,愛って言うのはね,,,,,,,,,
8737,愛ってなぁに?,,,,,,,,,
35198,愛ってヤツは。,,,,,,,,,
82319,アイツといっしょにお風呂!,,,,,,,,,
1850,あいつと俺,,,,,,,,,
49838,あいつとオレ,,,,,,,,,
50504,あいつとオレ,,,,,,,,,
36354,アイツとカノジョと魔法の手,,,,,,,,,
2631,あいつとララバイ,,,,,,,,,
50566,あいつとわたし,,,,,,,,,
62973,あいつと私,,,,,,,,,
12675,あいつにα気分,,,,,,,,,
8895,あいつにハート・ビート,,,,,,,,,
46287,あいつにラブレター,,,,,,,,,
93040,アイツにリベンジ!,,,,,,,,,
1680,アイツのいる夏,,,,,,,,,
100743,アイツノカノジョ,,,,,,,,,
84317,アイツノカノジョ [読切版],,,,,,,,,
211,あいつの恋メニュー,,,,,,,,,
1131,あいつの四季,,,,,,,,,
9024,あいつの四季報,,,,,,,,,
37091,アイツの大本命,,,,,,,,,
82568,あいつのタイムマシン,,,,,,,,,
62889,あいつのタオル,,,,,,,,,
87493,会津の釣り宿,,,,,,,,,
18655,あいつの夏,,,,,,,,,
42168,あいつのハートは50cc,,,,,,,,,
43531,アイツのミー,,,,,,,,,
70025,あいつのラブピント,,,,,,,,,
621,あいつはアインシュタイン,,,,,,,,,
69712,あいつは意地っぱり,,,,,,,,,
58022,あいつはウルフ,,,,,,,,,
12854,アイツ白書,,,,,,,,,
76216,あいつはショーマン,,,,,,,,,
95729,あいつはスカートをはく,,,,,,,,,
46367,あいつは絶好調,,,,,,,,,
3977,あいつは天国野郎,,,,,,,,,
19325,あいつは保父さん,,,,,,,,,
47022,あいつは緑の風の中,,,,,,,,,
97836,あいつ番台さん,,,,,,,,,
50074,あいつをコロしてうちもシヌ,,,,,,,,,
22305,あいつをやっつけろ!,,,,,,,,,
79190,アイデアガール,,,,,,,,,
47903,愛である -ideal-,,,,,,,,,
20526,I.D.,,,,,,,,,
12539,アイディア半太,,,,,,,,,
20164,愛でGyu!,,,,,,,,,
3891,愛でなく,,,,,,,,,
18607,愛でなんか死ねない,,,,,,,,,
87437,アイテルシー,,,,,,,,,
27955,開いてるドアから失礼しますよ,,,,,,,,,
19884,アイデン&ティティ,,,,,,,,,
19886,アイデン&ティティ32,,,,,,,,,
72468,愛天使伝説ウェディングピーチ 愛天使誕生編,,,,,,,,,
44083,愛天使ポルチャーノ,,,,,,,,,
40089,愛・天地無用!,,,,,,,,,
94082,アイデンティティ・クライシス,,,,,,,,,
24192,愛天明王物語,,,,,,,,,
28577,愛い奴-aido-,,,,,,,,,
4970,愛奴 -愛とエロスの復讐-,,,,,,,,,
79622,愛人形,,,,,,,,,
8144,アイドール,,,,,,,,,
72657,愛・ドールヒロコ,,,,,,,,,
91035,アイトアイ,,,,,,,,,
36872,アイとアオの境界,,,,,,,,,
9242,愛という迷路,,,,,,,,,
91923,愛とお金,,,,,,,,,
50796,愛とおやじさま,,,,,,,,,
10472,愛と悲しみのソーセージ,,,,,,,,,
28117,愛と悲しみのパーティー(仮題),,,,,,,,,
54494,愛と哀しみのバンパイア,,,,,,,,,
41735,あいどく!,,,,,,,,,
8302,愛と死の砂時計,,,,,,,,,
13910,愛とせーしゅんのなっちゃんズ,,,,,,,,,
49015,『愛と青春の旅立ち』のスクランブルエッグ弁当,,,,,,,,,
30411,愛と青春の発熱,,,,,,,,,
520,愛と青春の××,,,,,,,,,
26698,愛と責任,,,,,,,,,
60146,愛と涙の宇宙船,,,,,,,,,
12143,愛と憎しみの日々,,,,,,,,,
19945,愛とは夜に気付くもの,,,,,,,,,
18339,愛と復讐の挽歌,,,,,,,,,
94121,愛と炎,,,,,,,,,
5380,愛と誠,,,,,,,,,
32226,アイ友。,,,,,,,,,
60075,愛ともぐもぐ,,,,,,,,,
1868,愛と夢のかなた,,,,,,,,,
50330,愛と欲望の螺旋,,,,,,,,,
98790,♯アイトラ,,,,,,,,,
88980,アイドライジング!,,,,,,,,,
53564,アイドランク,,,,,,,,,
80604,IDOLY PRIDE Stage of Asterism,,,,,,,,,
80605,IDOLY PRIDE Beginning of Lodestar,,,,,,,,,
42481,アイドリッシュセブン TRIGGER -before The Radiant Glory-,,,,,,,,,
40180,アイドリッシュセブン,,,,,,,,,
73263,あい♡どる,,,,,,,,,
86492,IDOL×IDOL STORY!,,,,,,,,,
36980,アイドルA,,,,,,,,,
84064,アイドルオークション!!,,,,,,,,,
8387,アイドルがいっぱい,,,,,,,,,
48351,アイドル学園よいこ組,,,,,,,,,
92786,アイドルが芸人並にカラダを張る本!,,,,,,,,,
48086,アイドルカム!,,,,,,,,,
76698,アイドルがんばる,,,,,,,,,
43047,アイドル急行,,,,,,,,,
68572,アイドル急行 〜ほんとうのセンター〜,,,,,,,,,
37179,アイドルクロニクル,,,,,,,,,
40153,アイドルクロニクル あいくろ4コマ,,,,,,,,,
13489,アイドルK,,,,,,,,,
47101,アイドルK,,,,,,,,,
96033,アイドル様のお気に入り!?,,,,,,,,,
26336,アイドル地獄変,,,,,,,,,
92208,愛どるシスター,,,,,,,,,
88912,アイドル★シスター,,,,,,,,,
76012,アイドル指南,,,,,,,,,
45910,アイドル事変,,,,,,,,,
48093,アイドル志望遊戯,,,,,,,,,
11562,アイドルしましょ!,,,,,,,,,
88873,アイドルしょっと♡,,,,,,,,,
77957,アイドルスーパースター列伝,,,,,,,,,
44485,あいどるスマッシュ!,,,,,,,,,
60720,I生徒と担任P,,,,,,,,,
45291,アイドル声優☆上村とまり17歳,,,,,,,,,
87696,アイドル大怪盗ファニィゼブラ,,,,,,,,,
44066,アイドル大好き!,,,,,,,,,
85386,アイドル達の休息,,,,,,,,,
47729,アイドルD・T・I,,,,,,,,,
89034,あいどるDays,,,,,,,,,
71721,アイドル天使ようこそようこ,,,,,,,,,
72748,まんが版 アイドル伝説えり子,,,,,,,,,
9889,アイドル伝説・えり子,,,,,,,,,
22804,アイドルと恋に落ちる方法,,,,,,,,,
65622,アイドルとヒミツのキス,,,,,,,,,
47619,アイドルな彼女とヲタクな僕と,,,,,,,,,
9872,アイドルになりたい,,,,,,,,,
63876,アイドルのあかほん,,,,,,,,,
72269,アイドルの姉が死にました,,,,,,,,,
94430,アイドルのうんちっち,,,,,,,,,
82701,アイドルのおしごと 高崎はづみ11才,,,,,,,,,
94308,アイドルの俺とヘビーな彼女,,,,,,,,,
74591,アイドルのないしょごと!,,,,,,,,,
87850,アイドルは好きですか?,,,,,,,,,
98788,アイドル♥発情彼女,,,,,,,,,
72103,アイドルは××××なんてしませんッ!,,,,,,,,,
85244,アイドルはやめられない,,,,,,,,,
94530,アイドルビーバック!,,,,,,,,,
98597,アイドル服を穢さないで,,,,,,,,,
80842,IDOL FUTURE,,,,,,,,,
62238,アイドルプリテンダー,,,,,,,,,
9737,アイドルへのラブソング,,,,,,,,,
82297,偶像崩壊,,,,,,,,,
39195,THE IDOLM@STER,,,,,,,,,
78340,アイドルマスター,,,,,,,,,
64009,アイドルマスターSIDE M ストラグルハート,,,,,,,,,
38142,アイドルマスター2 the world is all one,,,,,,,,,
99761,アイドルマスター シャイニーカラーズ,,,,,,,,,
41108,アイドルマスター シンデレラガールズ,,,,,,,,,
58074,アイドルマスター シンデレラガールズ After20,,,,,,,,,
36494,THE IDOLM@STER CINDERELLA GIRLS あんさんぶる!,,,,,,,,,
58072,アイドルマスター シンデレラガールズ デレラジさん,,,,,,,,,
37804,アイドルマスター シンデレラガールズ ニュージェネレーションズ,,,,,,,,,
39253,アイドルマスター シンデレラガールズ 本日のアイドルさん,,,,,,,,,
38200,アイドルマスター シンデレラガールズ ロッキングガール,,,,,,,,,
44316,アイドルマスター シンデレラガールズ WILD WIND GIRL,,,,,,,,,
39197,アイドルマスター Splash Red for ディアリースターズ,,,,,,,,,
39242,アイドルマスター XENOGLOSSIA,,,,,,,,,
39209,アイドルマスター2 colorful days,,,,,,,,,
39210,アイドルマスター2 眠り姫,,,,,,,,,
39198,アイドルマスター Neue Green for ディアリースターズ,,,,,,,,,
34406,アイドルマスター ミリオンライブ!,,,,,,,,,
37802,アイドルマスター ミリオンライブ! バックステージ,,,,,,,,,
50708,アイドルマスター ミリオンライブ! Blooming Clover,,,,,,,,,
58073,アイドルマスター ミリオンライブ! Road to stage,,,,,,,,,
32660,アイドルマテリアル,,,,,,,,,
88822,アイドルをさがせ!,,,,,,,,,
8157,アイドルを探せ,,,,,,,,,
2234,アイドルを探せ,,,,,,,,,
55237,アイドルヲタの頂,,,,,,,,,
75902,アイドれ! グリーン♡ラプソディ,,,,,,,,,
95589,IDOROLL,,,,,,,,,
19023,愛DON'T恋,,,,,,,,,
92215,AINA 愛菜,,,,,,,,,
99836,アイナ・アマノジャク,,,,,,,,,
57409,愛なき富豪が授けた命,,,,,,,,,
56807,愛なんかくれてやる,,,,,,,,,
7480,愛なんていらない,,,,,,,,,
7472,INEEDYOU今も・・・,,,,,,,,,
54632,あいニー充,,,,,,,,,
25302,アイニーデュ,,,,,,,,,
45466,会いにいくよ,,,,,,,,,
57091,会いにいくよ,,,,,,,,,
8557,愛に帰りたい,,,,,,,,,
12333,愛に乾杯!〜激愛1777〜,,,,,,,,,
994,愛に気をつけて,,,,,,,,,
62846,愛にチェックイン,,,,,,,,,
40853,愛に血迷え!,,,,,,,,,
22916,愛にびしょ濡れ,,,,,,,,,
17428,愛にもいろいろありまして・・・,,,,,,,,,
10569,愛に・よろしく,,,,,,,,,
78208,愛ぬすびと,,,,,,,,,
87066,愛姉ってなんだよ…,,,,,,,,,
12571,アイネ・クライネ,,,,,,,,,
61180,アイネクライネ,,,,,,,,,
38895,あいのあいだに,,,,,,,,,
30642,愛の♥愛のしるし,,,,,,,,,
3762,愛のあらし,,,,,,,,,
1139,愛のアラベスク,,,,,,,,,
6593,愛のアランフェス,,,,,,,,,
21073,愛ある限り,,,,,,,,,
86464,愛のある切腹,,,,,,,,,
11945,愛のアンジェラス,,,,,,,,,
87496,愛の家,,,,,,,,,
6396,愛の泉,,,,,,,,,
31145,愛の一億円募金,,,,,,,,,
89213,愛の一球,,,,,,,,,
55788,AIの遺電子 RED QUEEN,,,,,,,,,
45112,AIの遺電子,,,,,,,,,
13628,愛の歌になりたい,,,,,,,,,
23202,愛のエトランゼ,,,,,,,,,
46929,愛のエトワール(「ハーイ!まりちゃん」改題),,,,,,,,,
11621,愛のエトワ-ル,,,,,,,,,
66479,愛の王冠,,,,,,,,,
7940,愛の黄金率,,,,,,,,,
94330,愛の贈り物,,,,,,,,,
78510,愛のおそうじ週間,,,,,,,,,
59889,Iの汚点,,,,,,,,,
82712,愛の重さ,,,,,,,,,
50895,愛の折鶴,,,,,,,,,
49714,愛の怪盗・チェリーピンク,,,,,,,,,
11865,愛の鍵貸します,,,,,,,,,
88067,愛の陽炎,,,,,,,,,
55415,愛の家族計画,,,,,,,,,
15387,愛のカタチ,,,,,,,,,
99989,あいのかたち,,,,,,,,,
61355,愛のかたち,,,,,,,,,
85669,愛のかたち 心のゆくえ,,,,,,,,,
24912,愛の学校,,,,,,,,,
7700,愛の狩人,,,,,,,,,
83,愛の奇跡,,,,,,,,,
26163,愛の教育,,,,,,,,,
92795,愛の教室。,,,,,,,,,
81057,愛の曲線,,,,,,,,,
84812,愛のくノ一ルーム,,,,,,,,,
93399,あいのくりにっく,,,,,,,,,
33549,あいの結婚相談所,,,,,,,,,
68438,愛の研究,,,,,,,,,
71271,愛の交差点,,,,,,,,,
84091,愛の紅葉,,,,,,,,,
995,愛の声が聞こえる,,,,,,,,,
64515,愛の心をキャンバスに,,,,,,,,,
21875,愛の言霊,,,,,,,,,
81401,あいのことば,,,,,,,,,
31654,アイノコトバ,,,,,,,,,
49897,藍のゴルフ,,,,,,,,,
38799,愛の殺し方,,,,,,,,,
31596,愛の才能,,,,,,,,,
26351,愛のさかあがり,,,,,,,,,
71248,愛のサスペンスロマン,,,,,,,,,
23070,愛のサラリーマン戦士蘭丸くん,,,,,,,,,
22176,愛の惨歌,,,,,,,,,
8553,愛の賛歌 エディット・ピアフ物語,,,,,,,,,
3426,愛の時代,,,,,,,,,
34960,藍の時代 一期一会,,,,,,,,,
50893,Iのシチュエーション,,,,,,,,,
2370,愛の呪文,,,,,,,,,
1462,藍の女王〜舞台女優殺人事件〜,,,,,,,,,
40939,愛のしるし,,,,,,,,,
80826,愛のしるし,,,,,,,,,
7432,愛の蜃気楼,,,,,,,,,
62467,愛のストップモーション,,,,,,,,,
21282,愛の砂嵐,,,,,,,,,
28420,愛の生活,,,,,,,,,
46704,愛の戦士ヘッドロココ 天と星の伝説,,,,,,,,,
28593,愛の戦士レインボーマン,,,,,,,,,
27320,愛の戦士レインボーマン,,,,,,,,,
37357,愛のたたき売り物産展,,,,,,,,,
75759,愛の種,,,,,,,,,
49754,愛のタバコ屋,,,,,,,,,
24295,愛のために,,,,,,,,,
63621,愛の誓いは永遠の夢,,,,,,,,,
4729,愛の伝え方,,,,,,,,,
83677,愛の強さについて,,,,,,,,,
71080,inote!-アイノテ!-,,,,,,,,,
43511,愛の二重唱,,,,,,,,,
64531,愛の二重奏,,,,,,,,,
23314,愛の伝説,,,,,,,,,
63504,愛の通りゃんせ,,,,,,,,,
9606,愛のとなりで眠りたい,,,,,,,,,
28131,愛のドレイ,,,,,,,,,
17991,愛のない,,,,,,,,,
30414,愛の名前,,,,,,,,,
83543,アイの日記,,,,,,,,,
5967,愛のぬくもりあげる,,,,,,,,,
54601,愛の廃墟,,,,,,,,,
64187,愛の背景,,,,,,,,,
47025,愛の果てに,,,,,,,,,
29612,愛の花道,,,,,,,,,
94125,愛のバビロン,,,,,,,,,
100936,愛のひかりは故障中!,,,,,,,,,
15782,愛の人,,,,,,,,,
51141,愛のビンづめ,,,,,,,,,
22991,愛の風景,,,,,,,,,
8758,藍の風景,,,,,,,,,
20123,愛のふじつぼ,,,,,,,,,
49769,愛のふれあい,,,,,,,,,
27031,愛の暴走,,,,,,,,,
3427,愛の墓標,,,,,,,,,
77923,愛のまがりかど,,,,,,,,,
47785,愛の街角2丁目3番地,,,,,,,,,
77855,愛のままに わがままに,,,,,,,,,
28348,愛のムチ,,,,,,,,,
55567,アイNOムチ,,,,,,,,,
2371,愛の迷路にご用心,,,,,,,,,
32485,愛の女神フローラ,,,,,,,,,
54484,愛のUFOカップやきそば,,,,,,,,,
691,愛のように幻想りなさい,,,,,,,,,
6482,愛の予感,,,,,,,,,
52310,愛の欲,,,,,,,,,
31776,あいのよる,,,,,,,,,
75871,愛のらせん階段,,,,,,,,,
51244,愛のラビリンス,,,,,,,,,
38568,愛の流砂,,,,,,,,,
84489,アイのリラ 一分間だけ,,,,,,,,,
7527,愛のレッスンカウントエイト,,,,,,,,,
63500,愛の劣性遺伝子,,,,,,,,,
68769,愛の錬金術,,,,,,,,,
72291,愛の若草山物語,,,,,,,,,
72395,アイはあざなえる,,,,,,,,,
14999,愛は命あるかぎり,,,,,,,,,
63552,愛馬エンゼル,,,,,,,,,
25097,愛はお財布の中,,,,,,,,,
2618,愛はかく語りき,,,,,,,,,
73548,アイはカゲロウ,,,,,,,,,
45843,愛は記憶のかなたに,,,,,,,,,
68892,愛は崩れた,,,,,,,,,
31415,愛は洪水,,,,,,,,,
85935,愛は拳じゃ伝わらない,,,,,,,,,
67274,愛は自給を救う,,,,,,,,,
14425,愛は地球を救う,,,,,,,,,
10837,愛は地球を巣くう,,,,,,,,,
56530,愛は地球を巣食うのだ,,,,,,,,,
41222,愛はちっとも楽じゃない,,,,,,,,,
41223,愛はちっとも楽じゃない 朝比奈の場合,,,,,,,,,
93287,愛はどうだ!,,,,,,,,,
55104,愛は遠いあの日から,,,,,,,,,
52441,愛はどこからきたの,,,,,,,,,
20987,愛はどこから来るの?,,,,,,,,,
68743,相羽奈美の犬,,,,,,,,,
5555,愛はふりまかない,,,,,,,,,
76110,愛は盲目,,,,,,,,,
52613,愛は湯けむりの中,,,,,,,,,
15336,相原コージのなにがオモロイの?,,,,,,,,,
83346,逢原サヤのラジオドットA,,,,,,,,,
70941,愛は忘れない,,,,,,,,,
25987,あい。 番外編 亜美。,,,,,,,,,
25385,あい。 番外編 カガミ。,,,,,,,,,
27326,あい。 番外編 真実子。,,,,,,,,,
25387,あい。 番外編 ミオ。,,,,,,,,,
25988,あい。 番外編 密子。,,,,,,,,,
27102,あい。 番外編 魅寧子。,,,,,,,,,
46123,アイビキ。 [ナイショバナシ。3],,,,,,,,,
35256,逢引?,,,,,,,,,
3763,愛ひとつ晶子,,,,,,,,,
86182,アイヒマンテスト,,,,,,,,,
31707,あい・ひめ,,,,,,,,,
6501,愛撫,,,,,,,,,
77393,愛撫 ー狂った時間ー,,,,,,,,,
95970,愛撫,,,,,,,,,
71632,I FEEL,,,,,,,,,
5616,I Feel You,,,,,,,,,
76251,あいふぉ 〜愛火〜,,,,,,,,,
76016,Eye for an Eye,,,,,,,,,
7528,愛へのプレリュード,,,,,,,,,
14925,相部屋,,,,,,,,,
150,アイ♥BOY,,,,,,,,,
33402,相棒 たった二人の特命係,,,,,,,,,
59177,アイホシモドキ [短期連載版],,,,,,,,,
59178,アイホシモドキ,,,,,,,,,
83731,第38期 藍本女子高等学校生徒会活動日誌 あいぽん,,,,,,,,,
77280,愛・妹,,,,,,,,,
78364,あいまいかんけい,,,,,,,,,
83799,あいまいギャロップ,,,,,,,,,
64288,曖昧なカンケイ,,,,,,,,,
39507,あいまいみー,,,,,,,,,
16208,EYE・麻衣・ME,,,,,,,,,
38436,あぃまぃみぃ!ストロベリーエッグ,,,,,,,,,
60575,あいまいもこもこ団,,,,,,,,,
11921,愛までの距離,,,,,,,,,
46245,あいまねっ 悪魔な彼女をプロデュース,,,,,,,,,
59682,I miss もも,,,,,,,,,
28098,I MISS YOU…,,,,,,,,,
54170,あいみちゃんダメよ,,,,,,,,,
90556,あいみん♡Continue!,,,,,,,,,
38586,I’m a faker!,,,,,,,,,
6342,アイムアライブ,,,,,,,,,
49377,あいむあらい部!,,,,,,,,,
3544,アイム・ソーリー,,,,,,,,,
58594,I'mダチ公,,,,,,,,,
48455,I'mナム,,,,,,,,,
90440,アイム・パチンカー,,,,,,,,,
20476,I'm hungry,,,,,,,,,
21227,I'm hungry 2,,,,,,,,,
85882,I'mロッカー男,,,,,,,,,
97165,iメンター すべては遺伝子に支配された,,,,,,,,,
74965,愛・モード,,,,,,,,,
79837,愛も天下の回りもの,,,,,,,,,
22507,愛もなくちゃね,,,,,,,,,
2195,愛物語,,,,,,,,,
86490,愛ゆえに嗚呼愛ゆえに爆発!!,,,,,,,,,
29605,愛欲の日々,,,,,,,,,
18129,藍より青し,,,,,,,,,
70695,愛より甘く,,,,,,,,,
11967,愛よりつよく・・・,,,,,,,,,
49454,愛より速く!,,,,,,,,,
86169,愛より友情,,,,,,,,,
71114,あいらいく俳句,,,,,,,,,
82767,アイ・ラヴ・ユウ,,,,,,,,,
72658,愛ラッシュ・ヒロコ,,,,,,,,,
86810,アイラブアメリカ,,,,,,,,,
26872,I LOVE あやめ,,,,,,,,,
81148,愛LOVEうどん,,,,,,,,,
4133,アイ・ラブ・熊,,,,,,,,,
73260,愛ラブshock!!,,,,,,,,,
66081,愛ラブ先生,,,,,,,,,
22376,I LOVE THIS GAME,,,,,,,,,
57716,アイラブねえちゃん,,,,,,,,,
463,I LOVE HER,,,,,,,,,
59542,あいLOVEポピーちゃん,,,,,,,,,
41273,I LOVE MY HOME,,,,,,,,,
55632,アイ・ラブ・ミー,,,,,,,,,
16591,アイ・ラブ・ミコちやん,,,,,,,,,
7443,アイ・ラブ・ユー,,,,,,,,,
10584,ILOVEYOU,,,,,,,,,
81709,Eye Love You,,,,,,,,,
95647,アイラブユーで燃やしてみせて,,,,,,,,,
12205,I Love youは涙のあとで,,,,,,,,,
92937,I Love 幽,,,,,,,,,
57988,アイラブ・ユウ,,,,,,,,,
41511,あ・い・ら・ぶ♡るんちゃん,,,,,,,,,
77986,アイ・ラリー・ユー,,,,,,,,,
46026,island,,,,,,,,,
20798,アイランド,,,,,,,,,
71576,ILY.,,,,,,,,,
79501,アイリウム,,,,,,,,,
72995,アイリス・イン,,,,,,,,,
45775,アイリス・ゼロ,,,,,,,,,
86501,愛梨ちゃんは寝取りたい!,,,,,,,,,
66617,アイリッシュシチュー,,,,,,,,,
69939,アイリッシュ・ローズ,,,,,,,,,
101216,I Remember…,,,,,,,,,
5569,あいりんドーム,,,,,,,,,
17636,I'll,,,,,,,,,
83136,I'LL KILL YOU,,,,,,,,,
43246,アイルトン・セナ 時速300キロの世界で戦う音速の貴公子,,,,,,,,,
16054,I'll REMIX,,,,,,,,,
14817,愛人 [AI-REN],,,,,,,,,
77910,愛狼童話 赤ずきん!,,,,,,,,,
82147,I LOCK YOU!,,,,,,,,,
91430,I LOCK YOU!+,,,,,,,,,
89022,アイロニードレスにさよなら,,,,,,,,,
89980,愛・浪漫劇場,,,,,,,,,
9040,愛をあげよう,,,,,,,,,
42317,愛を歌うより俺に溺れろ!,,,,,,,,,
87691,愛を恐れて,,,,,,,,,
81658,愛を被る,,,,,,,,,
54238,愛を希望します!,,,,,,,,,
20675,愛をください,,,,,,,,,
44567,愛をこうひと,,,,,,,,,
13280,愛をこわしたい,,,,,,,,,
35197,愛をさがせ!,,,,,,,,,
15688,愛をちょうだい,,,,,,,,,
13135,愛を唱えて,,,,,,,,,
80088,愛をとめないで,,,,,,,,,
70925,愛を夢見た家なき子,,,,,,,,,
97608,アイヲンモール異世界店、本日グランドオープン!THE COMIC,,,,,,,,,
22565,アイン,,,,,,,,,
53009,人間を超える者 アイン,,,,,,,,,
91458,アインシュタイン 伝記世界の偉人,,,,,,,,,
43227,アインシュタイン 科学の常識を変えた天才物理学者,,,,,,,,,
59918,アインシュタイン1904,,,,,,,,,
60727,アインシュタインの怪物,,,,,,,,,
3313,アイン・ラーガ,,,,,,,,,
31209,A VIRGIN PLEASE,,,,,,,,,
56849,アヴァルト,,,,,,,,,
39023,AVALON 永遠の愛の島,,,,,,,,,
16175,アヴァロン日記,,,,,,,,,
18220,a wish flower,,,,,,,,,
37101,AWAY,,,,,,,,,
87688,AVENGER,,,,,,,,,
73364,アヴェンジャー,,,,,,,,,
70601,ア・ウォ・ナ・エッガー,,,,,,,,,
27661,アウターガンダム,,,,,,,,,
10409,アウターゾーン,,,,,,,,,
38955,アウターゾーン リ:ビジテッド,,,,,,,,,
18500,OUTER PILOT,,,,,,,,,
26045,アウターレック,,,,,,,,,
34080,OUT,,,,,,,,,
13633,OUTアウト,,,,,,,,,
62832,Out of Order,,,,,,,,,
18193,OUT OF STANDARD,,,,,,,,,
26524,OB,,,,,,,,,
29560,OUT OF BLUE〜汚れた天使,,,,,,,,,
4267,逢う時はいつも他人,,,,,,,,,
28406,アウトサイダー,,,,,,,,,
29080,アウトサイダー,,,,,,,,,
17480,アウトサイダー東宗介,,,,,,,,,
97274,アウトサイダーパラダイス,,,,,,,,,
22505,Out set,,,,,,,,,
49134,アウトドアの朝食,,,,,,,,,
54886,アウトバースト,,,,,,,,,
69042,OUT PITCH,,,,,,,,,
100962,アウトブレイク,,,,,,,,,
78175,アウトブレイク・カンパニー 萌える侵略者,,,,,,,,,
55540,アウトライブ,,,,,,,,,
6814,アウトランダーズ,,,,,,,,,
100278,アウトランナーズ,,,,,,,,,
95452,アウトリーチ,,,,,,,,,
98407,アウトレイジョウ,,,,,,,,,
85433,あうとろ♡,,,,,,,,,
27410,アウト・ロー,,,,,,,,,
22990,アウトロー,,,,,,,,,
22773,OUTLAW,,,,,,,,,
18242,アウトロースター,,,,,,,,,
12022,アウトローストリート,,,,,,,,,
87887,アウラ,,,,,,,,,
37466,阿吽 -あうん-,,,,,,,,,
33935,阿・吽,,,,,,,,,
89586,アエカナル,,,,,,,,,
37783,喘ぎ濡れて近親姦,,,,,,,,,
55131,あえじゅま様の学校,,,,,,,,,
27802,会えてよかった,,,,,,,,,
50616,ア エテルナ イグアス,,,,,,,,,
32931,アオアシ,,,,,,,,,
97687,あおい,,,,,,,,,
72588,蒼い蒼い空の下,,,,,,,,,
47497,青い雨の追憶,,,,,,,,,
4691,蒼い家,,,,,,,,,
24508,青い悪戯,,,,,,,,,
101173,青い無花果,,,,,,,,,
28887,青い犬,,,,,,,,,
70501,青いイルカの少年,,,,,,,,,
36099,青いウサギ,,,,,,,,,
9463,青い宇宙の冒険,,,,,,,,,
170,青い宇宙のルナ,,,,,,,,,
16459,青い馬,,,,,,,,,
60272,青い海のお友だち,,,,,,,,,
95835,青い海のサシミ,,,,,,,,,
86597,蒼井瑛子の場合,,,,,,,,,
76511,あおいオールグリーン,,,,,,,,,
44281,青いオオカミ,,,,,,,,,
4473,青いオカリナ,,,,,,,,,
8777,葵学園オルゴール,,,,,,,,,
8778,葵学園シンシアリー,,,,,,,,,
8779,葵学園スノータイム,,,,,,,,,
8780,葵学園ドリーマー,,,,,,,,,
8781,葵学園プレイタイム,,,,,,,,,
8782,葵学園ホーリー・イヴ,,,,,,,,,
8783,葵学園メロディライン,,,,,,,,,
53175,青い果実,,,,,,,,,
86814,青い化石,,,,,,,,,
16592,青い風のノート,,,,,,,,,
50879,青い風のメロディー,,,,,,,,,
8565,蒼い関係,,,,,,,,,
61484,青い、キズアト,,,,,,,,,
74321,青い牙 fate led to blood,,,,,,,,,
6353,青い銀河の夜明け,,,,,,,,,
17286,青い車,,,,,,,,,
26134,青いケーキ,,,,,,,,,
28540,蒼い劇薬〜BAD MEDICINE〜,,,,,,,,,
16593,青いけもの,,,,,,,,,
68755,蒼い獣たち,,,,,,,,,
57753,蒼い荒野,,,,,,,,,
72220,アオイココロが地球を割る(削る),,,,,,,,,
13661,蒼い鼓動,,,,,,,,,
3907,AOIことしたい,,,,,,,,,
5772,青い叫び,,,,,,,,,
93397,あおいさん延長お願いします,,,,,,,,,
37238,青い珊瑚礁2011,,,,,,,,,
1469,蒼いしあわせ,,,,,,,,,
7111,蒼い十字路,,,,,,,,,
23663,青い真珠,,,,,,,,,
71770,あおいすいぞくかん,,,,,,,,,
30520,青いスパイス,,,,,,,,,
93408,碧い声援,,,,,,,,,
80657,蒼い制服,,,,,,,,,
53024,あおい先生は思春期,,,,,,,,,
10873,蒼い旋風,,,,,,,,,
6025,蒼い狙撃者,,,,,,,,,
35569,青い空,,,,,,,,,
23697,青い空白い雲,,,,,,,,,
11272,青い空のてっぺんに行こう,,,,,,,,,
86129,青い空の真下で,,,,,,,,,
8534,青い空を白い雲がかけてった,,,,,,,,,
63589,葵ちゃん事件ですよ!,,,,,,,,,
30458,あおいちゃんとヤマトくん,,,,,,,,,
34251,あおいちゃんのラブストーリー,,,,,,,,,
4435,あおいちゃんパニック!,,,,,,,,,
87088,リリあんのラブファンタジー 青いチューリップ,,,,,,,,,
16528,青い月の夜,,,,,,,,,
850,青い月マジック,,,,,,,,,
10872,青い月夜に銀の花,,,,,,,,,
21187,葵DESTRUCTION!,,,,,,,,,
39845,青いドア,,,,,,,,,
1011,青い季節,,,,,,,,,
52787,碧い刻 -通り魔-,,,,,,,,,
22514,あおいとナミのベースボール探検隊,,,,,,,,,
80221,蒼と翡翠の不等号,,,,,,,,,
5667,青い鳥,,,,,,,,,
45446,青い鳥 わくらば(邂逅),,,,,,,,,
63328,アオイトリ,,,,,,,,,
1364,青い鳥小鳥,,,,,,,,,
9937,青い鳥症候群,,,,,,,,,
41187,青い鳥の神話,,,,,,,,,
58342,青い鳥の伝説,,,,,,,,,
26873,青い鳥の伝説,,,,,,,,,
10642,青い鳥みつけた,,,,,,,,,
79866,青いな 大きいな,,,,,,,,,
65185,青いね芝くん!,,,,,,,,,
74135,碧いの誘惑,,,,,,,,,
83851,あおいのゆきうさぎ,,,,,,,,,
53173,青い羽根・青い鳥,,,,,,,,,
63627,青い薔薇,,,,,,,,,
23333,青い春,,,,,,,,,
54361,青い春,,,,,,,,,
86818,青い春のスケッチ,,,,,,,,,
43149,青い春はななめ前。,,,,,,,,,
57761,青いパンサー,,,,,,,,,
75714,あおいひ,,,,,,,,,
64352,青い光,,,,,,,,,
38245,"""葵"" ヒカルが地球にいたころ......",,,,,,,,,
15501,青い羊の夢,,,,,,,,,
8051,青い羊の夢,,,,,,,,,
75779,青い瞳の少女,,,,,,,,,
10427,青い豹,,,,,,,,,
55911,碧いブルース,,,,,,,,,
39037,青いへや,,,,,,,,,
61426,蒼い炎,,,,,,,,,
33164,アオイホノオ,,,,,,,,,
92168,青い炎,,,,,,,,,
43131,青い炎のファラオ,,,,,,,,,
37377,碧いホルスの瞳,,,,,,,,,
16594,青いマン華鏡,,,,,,,,,
49394,あおい万太郎氏当確です,,,,,,,,,
50402,青い迷路,,,,,,,,,
43109,青い瞳のダンディー,,,,,,,,,
68929,青い目のマリー,,,,,,,,,
70396,青い森の娘,,,,,,,,,
63395,蒼い森へいこうよ,,,,,,,,,
94967,青い館,,,,,,,,,
61043,あおい夕日,,,,,,,,,
2027,青い一角獣,,,,,,,,,
3976,蒼い妖魔たち,,,,,,,,,
87014,青いリサイタル,,,,,,,,,
3317,青い竜の谷,,,,,,,,,
50776,青いりんごをひとかじり,,,,,,,,,
89896,あおいろ。,,,,,,,,,
16092,青い転球のぢく男ちゃん,,,,,,,,,
72909,あおいろ家族,,,,,,,,,
1748,青色学級,,,,,,,,,
75170,青色ストライプ,,,,,,,,,
56284,青色図書館,,,,,,,,,
76736,アオイロトライアングル,,,,,,,,,
65221,青色のキャンバス,,,,,,,,,
53425,青色廃園,,,,,,,,,
65637,アオイロ・メロディ,,,,,,,,,
63106,青色浪漫,,,,,,,,,
53398,青鬼 元始編,,,,,,,,,
37128,アオカミ,,,,,,,,,
82230,青姦中毒,,,,,,,,,
34550,碧き青のアトポス,,,,,,,,,
29311,青木医院へ行こう!,,,,,,,,,
16716,青木功の語るふゴルフ,,,,,,,,,
3681,青木ガ原心中,,,,,,,,,
18348,蒼き雀狼,,,,,,,,,
11949,蒼き守護神,,,,,,,,,
51809,青岸良吉の敗走,,,,,,,,,
18094,蒼き神話マルス,,,,,,,,,
17993,蒼き雀の詩,,,,,,,,,
28798,蒼き宇宙(そら)より君へ,,,,,,,,,
41082,蒼き大地ブフ,,,,,,,,,
49532,碧き血の紋章,,,,,,,,,
39,青木通信,,,,,,,,,
34046,蒼き鋼のアルペジオ,,,,,,,,,
90767,蒼きパンサー,,,,,,,,,
3692,蒼き氷河の果てに…,,,,,,,,,
7678,青き炎,,,,,,,,,
651,蒼き炎,,,,,,,,,
22138,蒼き炎を継ぐ者 〜名波浩物語〜,,,,,,,,,
88981,蒼きユピテル,,,,,,,,,
68199,蒼き夜のヴァイオリン,,,,,,,,,
13511,AOKI我がゴルフ,,,,,,,,,
4228,碧奇魂ブルーシード,,,,,,,,,
76462,あおくび大根,,,,,,,,,
71976,あおくび大根 生ですの。,,,,,,,,,
83567,仰げば尊し,,,,,,,,,
84801,仰げば尊し,,,,,,,,,
5096,仰げば尊し!,,,,,,,,,
12634,あおげば尊し,,,,,,,,,
34795,青恋エデン,,,,,,,,,
49597,青高チア部はかわいくない!,,,,,,,,,
44843,あおざくら 防衛大学校物語,,,,,,,,,
74238,青さと恋,,,,,,,,,
49340,蒼ざめた馬 名探偵・英玖保嘉門の推理手帖,,,,,,,,,
52229,青ざめた月,,,,,,,,,
3523,蒼ざめた吐息,,,,,,,,,
3522,蒼ざめた炎,,,,,,,,,
80790,アオシネ,,,,,,,,,
30706,蒼紫の森,,,,,,,,,
30767,青島くんが行く!!,,,,,,,,,
45619,アオ／シロ,,,,,,,,,
34603,青白い橋の上,,,,,,,,,
100147,青信号までの時間,,,,,,,,,
59705,青杉と赤仁田,,,,,,,,,
70800,あおぞら,,,,,,,,,
45784,アオソラ,,,,,,,,,
77803,青空,,,,,,,,,
14478,青空,,,,,,,,,
90632,あおぞら,,,,,,,,,
32918,青空エール,,,,,,,,,
9731,青空沿線,,,,,,,,,
29245,青空兄妹,,,,,,,,,
33650,青空クリニック,,,,,,,,,
37022,青空甲子園,,,,,,,,,
18324,青空ごっつん,,,,,,,,,
3384,あおぞら散歩道,,,,,,,,,
75569,青空少女組,,,,,,,,,
3723,青空少女隊,,,,,,,,,
7489,青空しょって,,,,,,,,,
12285,青空ずかん,,,,,,,,,
61792,青空ストライプ,,,,,,,,,
77281,青空荘の愉快な仲間たち,,,,,,,,,
31841,あおぞらだい,,,,,,,,,
51454,青空太郎の絵日記,,,,,,,,,
37028,青空つれてテルテルぼうず,,,,,,,,,
3644,あおぞら同盟,,,,,,,,,
39148,青空ナイン,,,,,,,,,
2583,青空に2ステップ,,,,,,,,,
43735,青空にとおく酒浸り,,,,,,,,,
8438,青空にピンクのリボン,,,,,,,,,
83605,青空の下で…,,,,,,,,,
35304,青空の卵,,,,,,,,,
19684,蒼空の果て 少年たちの戦場,,,,,,,,,
30613,青空☆ハイツ,,,,,,,,,
33268,青空ファインダーロック,,,,,,,,,
4323,青空フィッシング,,,,,,,,,
6413,青空ふろっぴぃ,,,,,,,,,
50915,青空へシュート,,,,,,,,,
60671,青空豆之助,,,,,,,,,
43555,青空みえた,,,,,,,,,
42198,青空ラバー,,,,,,,,,
6631,青空ルネッサンス,,,,,,,,,
20220,青空をハートのかたちにきりぬいて,,,,,,,,,
61418,…郷里考… あおだいしょう,,,,,,,,,
19719,青田先生,,,,,,,,,
22781,青田大学番外地,,,,,,,,,
42416,青唐辛子味噌,,,,,,,,,
28644,青蜥蜴,,,,,,,,,
61481,アオとハル,,,,,,,,,
33981,青Ao-Natsu夏,,,,,,,,,
62418,青に光芒,,,,,,,,,
20564,青に飛ぶ夢,,,,,,,,,
2701,青になれ!,,,,,,,,,
87795,青に、ふれる。,,,,,,,,,
47525,青猫について,,,,,,,,,
69775,青猫にファンファーレ,,,,,,,,,
3198,蒼の鬼翔,,,,,,,,,
1633,青の6号,,,,,,,,,
83411,青のアイリス,,,,,,,,,
100108,蒼のアインツ,,,,,,,,,
71082,青の居場所,,,,,,,,,
7193,蒼のイマージュ,,,,,,,,,
33225,青の祓魔師,,,,,,,,,
56799,青のオーケストラ,,,,,,,,,
8999,蒼の傷あと,,,,,,,,,
3632,碧のクレッシェンド,,,,,,,,,
69827,青の群像 〜真珠抄〜,,,,,,,,,
69826,青の群像 〜ふたり旅〜,,,,,,,,,
69828,青の群像,,,,,,,,,
27186,青の群像 〜結婚時代〜,,,,,,,,,
53676,青野くんに触りたいから死にたい,,,,,,,,,
1695,青の恋,,,,,,,,,
82543,青のシグナル,,,,,,,,,
15560,青青の時代,,,,,,,,,
77860,青の島とねこ一匹,,,,,,,,,
75780,蒼の世界,,,,,,,,,
22546,青の戦士,,,,,,,,,
78262,青の双翼 〜Phantom of Dragon〜,,,,,,,,,
95631,あおのたつき,,,,,,,,,
38674,青の追憶,,,,,,,,,
64750,青のツバサ,,,,,,,,,
21149,蒼のデラシネ,,,,,,,,,
1812,青の天使たち,,,,,,,,,
29770,青の洞門,,,,,,,,,
72664,アオのハコ [読み切り版],,,,,,,,,
86256,アオのハコ,,,,,,,,,
92631,青の8号,,,,,,,,,
4980,青の華,,,,,,,,,
60134,青の花 器の森,,,,,,,,,
33909,青の母,,,,,,,,,
56950,青の微熱,,,,,,,,,
56951,青の微熱 番外編 side:翔,,,,,,,,,
56955,青の微熱 番外編 side:吉岡,,,,,,,,,
3590,蒼の封印,,,,,,,,,
41438,青の無頼漢,,,,,,,,,
49495,青のフラッグ,,,,,,,,,
10705,青の放課後,,,,,,,,,
60139,青の炎,,,,,,,,,
86791,蒼の墓標,,,,,,,,,
2865,蒼のマハラジャ,,,,,,,,,
83705,青のミブロ,,,,,,,,,
22357,碧のミレニアム,,,,,,,,,
99,青のメソポタミア,,,,,,,,,
45699,青の列島 札幌・九月,,,,,,,,,
22161,青の6号,,,,,,,,,
45810,蒼の六郷,,,,,,,,,
44509,青葉くんに聞きたいこと,,,,,,,,,
52044,青葉くんの秘密の楽園,,,,,,,,,
83026,青肌巨乳とクソボッチ,,,,,,,,,
37029,青葉に風,,,,,,,,,
53389,青葉の季節,,,,,,,,,
96395,アオバノバスケ,,,,,,,,,
9090,青葉燃ゆ,,,,,,,,,
38502,アオハライド,,,,,,,,,
80940,アオハルえっち,,,,,,,,,
38218,青春×機関銃,,,,,,,,,
100494,アオハル荘へようこそ,,,,,,,,,
93618,アオハルッ!,,,,,,,,,
44652,青春鉄道,,,,,,,,,
52517,青葉若葉のにおう中,,,,,,,,,
28735,青ひげの花嫁,,,,,,,,,
14643,青ひげは行く,,,,,,,,,
29649,緑深し,,,,,,,,,
100053,アオブロ!アナーキー・イン・ザ・JK,,,,,,,,,
11169,青への誘い,,,,,,,,,
23563,青また青,,,,,,,,,
62281,青緑を飲み干す,,,,,,,,,
34469,青みゆく雪,,,,,,,,,
51745,青紫,,,,,,,,,
89044,青柳,,,,,,,,,
69078,青柳物語,,,,,,,,,
93633,青山くん、ここでシたらバレちゃうよ?,,,,,,,,,
34288,青山月子です!,,,,,,,,,
73836,煽りゲーマーは突撃に弱い,,,,,,,,,
3142,青りんご迷宮,,,,,,,,,
100460,あか あお きいろ,,,,,,,,,
33067,赤赫血物語,,,,,,,,,
1201,赤々丸,,,,,,,,,
10040,赤い悪魔の子守歌,,,,,,,,,
43754,犬狼伝説 紅い足痕,,,,,,,,,
24260,赤い淡い夜がすき,,,,,,,,,
41344,紅い池に眠る,,,,,,,,,
34870,あかいいと,,,,,,,,,
12373,赤い糸,,,,,,,,,
14960,赤い糸,,,,,,,,,
76585,赤い糸が絡まって仕方がない,,,,,,,,,
12716,赤い糸がはなれない,,,,,,,,,
4689,赤い糸の伝説,,,,,,,,,
10772,朱い絲のパラレル,,,,,,,,,
9451,赤い糸のふ・た・り,,,,,,,,,
81488,赤い糸は見えているか,,,,,,,,,
59222,OUTLAW TAXI 赤い稲妻,,,,,,,,,
67096,赤いウインナー,,,,,,,,,
57853,赤い海,,,,,,,,,
91030,赤い恍惚,,,,,,,,,
6633,赤い狼,,,,,,,,,
100476,赤い狼 テキサスの休日,,,,,,,,,
33529,赤いカードを持つ男,,,,,,,,,
55817,赤い柿,,,,,,,,,
47503,赤い影,,,,,,,,,
88813,赫い影絵,,,,,,,,,
91511,赤い影の男,,,,,,,,,
94704,赤い疾風,,,,,,,,,
9718,赤い風の伝説,,,,,,,,,
23830,赤い風の冒険,,,,,,,,,
7756,赤い髪の少年,,,,,,,,,
94688,紅いカラス,,,,,,,,,
87010,赤いガラス窓,,,,,,,,,
62985,赤い関係,,,,,,,,,
3518,紅い絆,,,,,,,,,
35627,赤い牙,,,,,,,,,
3682,赤い牙ブルーソネット,,,,,,,,,
41396,赤い宮殿,,,,,,,,,
49551,赤い金魚 遠い祭り,,,,,,,,,
21554,紅い鎖,,,,,,,,,
14712,赤い靴,,,,,,,,,
38170,赤い靴,,,,,,,,,
59374,赤い靴,,,,,,,,,
86824,あかいくつ,,,,,,,,,
52311,赤い靴,,,,,,,,,
17131,赤い靴,,,,,,,,,
49487,赤い靴,,,,,,,,,
17669,赤い靴,,,,,,,,,
18345,赤い靴はいた,,,,,,,,,
3115,青春奇談 赤い雲,,,,,,,,,
38529,赤い雲伝説殺人事件,,,,,,,,,
6068,紅い芝生,,,,,,,,,
44169,赤いグローブ,,,,,,,,,
52915,赤い群集,,,,,,,,,
42559,アカイケモノ,,,,,,,,,
56003,赤い光弾ジリオン,,,,,,,,,
16595,赤い砂漠,,,,,,,,,
35497,赤い三角部屋,,,,,,,,,
90119,紅井さんは今日も詰んでる。,,,,,,,,,
3192,紅いG線,,,,,,,,,
23755,赤いジープホバーz,,,,,,,,,
62050,赤い死神,,,,,,,,,
16506,赤い死神,,,,,,,,,
61920,赤い死神,,,,,,,,,
62969,赤いシャッポ,,,,,,,,,
8232,赤い十字路,,,,,,,,,
14170,紅い十字路,,,,,,,,,
10045,赤い酋長の身代金,,,,,,,,,
57786,赤い酋長の身代金,,,,,,,,,
27695,赫い少女,,,,,,,,,
80509,紅い少女,,,,,,,,,
8624,赤信号はGOサイン,,,,,,,,,
68731,赤い聖杯,,,,,,,,,
94734,紅いゼッケン,,,,,,,,,
27029,紅いソーダ水,,,,,,,,,
101105,赤い大地に生まれた戦士のはなし,,,,,,,,,
10672,赤い竹の家,,,,,,,,,
10055,赤い弾丸,,,,,,,,,
9674,あかい誕生日,,,,,,,,,
53552,赤い地平線,,,,,,,,,
6632,赤い地平線,,,,,,,,,
6354,赤い角の童留,,,,,,,,,
96040,赤い椿の歌,,,,,,,,,
2395,赤い爪あと,,,,,,,,,
24096,緋色い剣,,,,,,,,,
100452,赤い天使 恐怖の避暑地,,,,,,,,,
1623,赤い天使 -ミオ-,,,,,,,,,
55305,赤いトウシューズ,,,,,,,,,
16567,赤いトナカイ,,,,,,,,,
17103,赤い鳥,,,,,,,,,
13527,赤い鳥ことり,,,,,,,,,
51850,赤い鳥小鳥,,,,,,,,,
12372,赤いドレス,,,,,,,,,
4130,赤いドレスの男,,,,,,,,,
43629,紅い蛞蝓,,,,,,,,,
16482,赤いなめくじ,,,,,,,,,
88660,赤い沼,,,,,,,,,
4183,赤い沼,,,,,,,,,
16882,赤い猫 「縄と石」捕物控,,,,,,,,,
501,赤い鳩〜アピル〜,,,,,,,,,
80901,赤い花,,,,,,,,,
22025,アカイハナ,,,,,,,,,
49523,紅い花,,,,,,,,,
1466,赫い花,,,,,,,,,
54364,赤い花,,,,,,,,,
16229,紅い花,,,,,,,,,
52743,あかいはなあかいはな,,,,,,,,,
82726,赤い鼻緒,,,,,,,,,
24674,赤い花咲いたら,,,,,,,,,
28164,赤い花束,,,,,,,,,
8840,赤い花のポルカ,,,,,,,,,
9628,紅いハヤテ,,,,,,,,,
45874,赤い薔薇は罪つくり,,,,,,,,,
51863,赤いハンカチ,,,,,,,,,
76051,赤い反射,,,,,,,,,
54039,赤いはんてん,,,,,,,,,
22689,紅いハンドル,,,,,,,,,
4131,赤いピアノ線,,,,,,,,,
9807,緋い柩,,,,,,,,,
7987,赤い羊の刻印,,,,,,,,,
16500,赤い火と黒かみ,,,,,,,,,
86226,〜乙女戦争外伝Ⅰ〜 赤い瞳のヴィクトルカ,,,,,,,,,
25453,赤いヒモの伝説,,,,,,,,,
8977,赤いふうせん,,,,,,,,,
42770,赤い風船にさようなら,,,,,,,,,
57928,赤いプロテクター,,,,,,,,,
7156,赤いペガサス,,,,,,,,,
12123,赤いペガサスII翔,,,,,,,,,
46016,赤異本,,,,,,,,,
77319,「赤い本の人」=パパ⁉,,,,,,,,,
44182,赤いマジック,,,,,,,,,
16529,赤い魔神,,,,,,,,,
25035,朱い三日月,,,,,,,,,
46781,赤い実の魔法,,,,,,,,,
50751,赤い実みつけた,,,,,,,,,
76042,赤い昆虫,,,,,,,,,
4184,赤い迷宮,,,,,,,,,
50681,赤い迷宮,,,,,,,,,
71010,赤い目のシモン,,,,,,,,,
52139,赤いものなーに,,,,,,,,,
22707,赤い野獣,,,,,,,,,
13366,赤い屋根のポプラ荘,,,,,,,,,
28725,紅い闇の薬子,,,,,,,,,
38480,赤い雪,,,,,,,,,
9909,赤い夢のロマンス,,,,,,,,,
45736,赤い予感,,,,,,,,,
13660,赤いライオン,,,,,,,,,
3193,紅いラプンツェル,,,,,,,,,
93462,アカイリンゴ,,,,,,,,,
88674,赤い鎮魂歌,,,,,,,,,
81645,赤色エレジー,,,,,,,,,
47793,あかいろ交差点,,,,,,,,,
77944,朱色の仮面,,,,,,,,,
41877,赤色妖夢画劇,,,,,,,,,
63634,赤いわな,,,,,,,,,
65034,赤ウインナー,,,,,,,,,
20658,赤鬼,,,,,,,,,
35531,赤鬼哭いた,,,,,,,,,
67118,赤貝味付缶,,,,,,,,,
15817,赤が好き,,,,,,,,,
35303,赤髪の白雪姫,,,,,,,,,
93750,あかがみんは脱出できない,,,,,,,,,
52899,赤狩り,,,,,,,,,
10786,赤川少年探偵団,,,,,,,,,
6114,アカギ 闇に降り立った天才,,,,,,,,,
51088,あがき,,,,,,,,,
94117,赤きエンザ,,,,,,,,,
4064,赤き血のイレブン,,,,,,,,,
100450,赤き血のしるし,,,,,,,,,
46541,赤城と比叡,,,,,,,,,
58542,赤城の“おソウジ”大作戦,,,,,,,,,
44563,AKAGI FAMILIA,,,,,,,,,
14279,あかく咲く声,,,,,,,,,
81363,赤くない糸,,,,,,,,,
5053,阿火組始末記,,,,,,,,,
16205,アカグミノカチ,,,,,,,,,
67165,赤×黒,,,,,,,,,
57886,名探偵ホームズ 赤毛クラブの秘密,,,,,,,,,
40644,赤毛のアン,,,,,,,,,
42274,赤毛のアンのアップルパイ,,,,,,,,,
10321,赤毛のキューピッド,,,,,,,,,
89173,赤毛のスカーレット,,,,,,,,,
12325,赤毛のライオン,,,,,,,,,
67302,赤坂のビフテキ丼,,,,,,,,,
43405,アガサ・クリスティー 世界中で読まれているミステリーの女王,,,,,,,,,
15701,アカシアの道,,,,,,,,,
42242,明石焼き,,,,,,,,,
67481,明石焼きと寿司,,,,,,,,,
38432,赤白たまご,,,,,,,,,
57307,赤信号,,,,,,,,,
15139,赤すいか黄すいか,,,,,,,,,
35135,赤ずきん,,,,,,,,,
92926,赤ずきん、旅の途中で死体と出会う。,,,,,,,,,
34326,赤ずきんチャチャN,,,,,,,,,
355,赤ずきんチャチャ,,,,,,,,,
51938,赤ずきんちゃん,,,,,,,,,
18829,赤ずきんちゃん,,,,,,,,,
16562,赤ずきんちゃん,,,,,,,,,
36833,赤ずきんちゃんは狼さんを泣かせたい!,,,,,,,,,
81670,赤ずきんとオオカミ少女,,,,,,,,,
79358,赤ずきんに狼男は懐かない,,,,,,,,,
82896,赤ずきんに狼男は懐かない [番外編],,,,,,,,,
60367,赤ずきんの狼弟子,,,,,,,,,
918,赤ずきんの森,,,,,,,,,
5773,赤ずきんは狼男の夢を見る,,,,,,,,,
38485,あかずの教室,,,,,,,,,
64638,あかずの間のある学校,,,,,,,,,
28824,あかず夢のむこう,,,,,,,,,
65260,赤だし,,,,,,,,,
42426,赤だし,,,,,,,,,
66381,赤玉ぶどう酒とクラッカー,,,,,,,,,
3875,紅たん碧たん,,,,,,,,,
13538,赤ちゃんが依頼人,,,,,,,,,
6450,赤ちゃんがほしい!!,,,,,,,,,
100955,赤ちゃんつくろ!,,,,,,,,,
21376,あかちゃんと天使,,,,,,,,,
59709,赤ちゃんと2人の将来,,,,,,,,,
8247,赤ちゃんと僕,,,,,,,,,
43617,赤ちゃんの出席簿,,,,,,,,,
79145,あかちゃんのドレイ。,,,,,,,,,
36179,赤ちゃんのホスト,,,,,,,,,
28339,赤ちゃんはC子がお好き,,,,,,,,,
71647,赤ちゃんはどこからくるの,,,,,,,,,
68601,赤ちゃん本部長,,,,,,,,,
68343,赤ちゃんママ,,,,,,,,,
59708,赤ちゃんを作りましょう!!,,,,,,,,,
77242,赤ちょうちん女子がゆく,,,,,,,,,
91944,赤チン青チン,,,,,,,,,
26046,赤塚ギャグ笑待席,,,,,,,,,
93725,赤塚不二夫先生との下落合呑んべえ日記,,,,,,,,,
46511,赤塚不二夫の旗の下に フジオプロの青春,,,,,,,,,
72606,赤塚不二夫の文学散歩,,,,,,,,,
97164,朱憑,,,,,,,,,
80294,暁色の潜伏魔女,,,,,,,,,
20404,暁!!男塾 青年よ、大死を抱け,,,,,,,,,
26874,あかつき戦闘隊,,,,,,,,,
28954,暁と黄昏の女神,,,,,,,,,
50723,あかつきに燃えて,,,,,,,,,
80569,朱月のアゲハ,,,,,,,,,
39211,暁のイージス,,,,,,,,,
68639,暁の犬,,,,,,,,,
46390,暁のヴァルキリー,,,,,,,,,
40200,暁のヴァンピレス,,,,,,,,,
43068,暁の海を征け,,,,,,,,,
15357,暁の回廊,,,,,,,,,
73467,暁の屍狩,,,,,,,,,
52574,暁の狩人,,,,,,,,,
50094,黎明のスタリオン,,,,,,,,,
40427,暁の暴君,,,,,,,,,
3147,暁の姫君,,,,,,,,,
82208,暁の文,,,,,,,,,
50335,あかつきのベイビーズ!,,,,,,,,,
62672,暁の明星,,,,,,,,,
14357,暁の息子,,,,,,,,,
32433,暁の目の娘,,,,,,,,,
37573,暁のヨナ,,,,,,,,,
7791,アカデメイアの冒険者,,,,,,,,,
11291,アカテン教師梨本小鉄,,,,,,,,,
13015,赤点先生,,,,,,,,,
54429,赤点はダメよ,,,,,,,,,
71966,あかてん★ヒーロー!,,,,,,,,,
6597,赤とうがらし物語,,,,,,,,,
35551,赤胴鈴之助 [小学一年生版],,,,,,,,,
36483,赤胴鈴之助 [少年画報版],,,,,,,,,
4392,赤胴鈴之助 [週刊少年サンデー版],,,,,,,,,
78543,暁の闇,,,,,,,,,
23909,赤と黒 マンガ世界の文学,,,,,,,,,
53079,赤と黒,,,,,,,,,
89225,赤と白のバレーシューズ,,,,,,,,,
53741,赤と鉄 再生倶楽部,,,,,,,,,
12958,赤と緑のロンド,,,,,,,,,
74092,アカトラ,,,,,,,,,
23064,赤とんぼ,,,,,,,,,
51716,赤とんぼ,,,,,,,,,
51874,赤とんぼの里,,,,,,,,,
77917,赤とんぼの橋,,,,,,,,,
264,昭和アホ草紙 あかぬけ一番!,,,,,,,,,
40130,赤沼,,,,,,,,,
2992,アカネ,,,,,,,,,
81725,茜,,,,,,,,,
3764,茜色純情,,,,,,,,,
2742,あかね色の風 〜新選組血風記〜,,,,,,,,,
73914,あかねさす少女 4コマパラレル,,,,,,,,,
92224,茜シークレット,,,,,,,,,
101029,あかね先生の「ほけんだより」,,,,,,,,,
97988,あかね空怪異譚,,,,,,,,,
22334,あかねちゃんOVER DRIVE,,,,,,,,,
22073,あかねちゃんとさくらちゃん,,,,,,,,,
59710,あかねちゃんのお姉さん,,,,,,,,,
4446,あかねのダウジングロード,,,,,,,,,
45137,あかねのハネ,,,,,,,,,
86254,あかね噺,,,,,,,,,
89683,茜日の鳴る鈴,,,,,,,,,
37092,明治瓦斯燈妖夢抄 あかねや八雲,,,,,,,,,
83379,あかね横丁,,,,,,,,,
20272,赤の女,,,,,,,,,
11568,赤のカイン,,,,,,,,,
77397,赫のグリモア,,,,,,,,,
6634,赤のジョーカー,,,,,,,,,
88834,あかのたち,,,,,,,,,
24716,赤の他人,,,,,,,,,
14807,麻雀新世紀 赤の伝説,,,,,,,,,
28653,赤の中の女,,,,,,,,,
9104,赤の旋律,,,,,,,,,
82200,あかのゆうわく,,,,,,,,,
54058,赤のワインで口づけを,,,,,,,,,
12587,赤の原遊戯,,,,,,,,,
29656,赤は興奮する,,,,,,,,,
51618,赤八 停電の巻,,,,,,,,,
4132,赤鼻のアズナブル,,,,,,,,,
27616,赤羽君乱心!眠り姫より愛を込めて,,,,,,,,,
91249,赤羽骨子のボディガード,,,,,,,,,
15702,赤ヒ靴,,,,,,,,,
52281,赤ヒ夜,,,,,,,,,
17603,あかピンク,,,,,,,,,
34019,赤ファンのつぶやき,,,,,,,,,
70433,アカプルコ・ゴールド,,,,,,,,,
58961,アガペ,,,,,,,,,
23492,AGAPES,,,,,,,,,
24053,赤兵衛,,,,,,,,,
87560,あかべこ,,,,,,,,,
57879,赤蛇少女がすむ館,,,,,,,,,
22463,a cappella,,,,,,,,,
87438,AKABOSHI 異聞水滸伝,,,,,,,,,
33413,あかぼし俳句帖,,,,,,,,,
37320,アカポリ,,,,,,,,,
60010,あかほりさとるの崖っぷち,,,,,,,,,
55800,あかほりさん,,,,,,,,,
62001,赤魔,,,,,,,,,
60371,あかまつ,,,,,,,,,
22320,赤松さん,,,,,,,,,
20231,赤マルの近況報告のマンガ(漫画作製絵日記),,,,,,,,,
51622,赤水,,,,,,,,,
85668,赤味噌沈没⁉,,,,,,,,,
89666,アカメが斬る!1.5,,,,,,,,,
34886,アカメが斬る!,,,,,,,,,
90773,アカメが斬る! [特別編],,,,,,,,,
34891,アカメが斬る!零,,,,,,,,,
51053,あがめこうもの,,,,,,,,,
47767,赤目姫の潮解,,,,,,,,,
17711,あかやし坂異聞,,,,,,,,,
95980,あかよろし 闇花札遊鬼譚,,,,,,,,,
12635,あがりいっちょー!!,,,,,,,,,
1367,灯色の童話,,,,,,,,,
83849,アカリ様,,,,,,,,,
34881,あかりとシロの心霊夜話,,,,,,,,,
76494,あかりのみみはなんのみみ?,,,,,,,,,
79639,あかりは雪姫になりたい ー根暗な引きこもりがVtuberになった理由ー,,,,,,,,,
9299,明るい家族計画,,,,,,,,,
17624,明るい家族計画,,,,,,,,,
13839,明るい家族計画,,,,,,,,,
31221,明るい家族計画,,,,,,,,,
31222,明るい家族計画2,,,,,,,,,
73850,明るい家族計画なんてない!,,,,,,,,,
2674,明るい家庭のつくり方,,,,,,,,,
46441,明るい記憶喪失,,,,,,,,,
71904,明るい禁忌,,,,,,,,,
81447,明るい恋の花,,,,,,,,,
52083,明るい生活,,,,,,,,,
7282,明るい青春メガミックス,,,,,,,,,
5026,明るい青少年のための恋愛,,,,,,,,,
10956,明るい男女交際の手引き,,,,,,,,,
17995,あかるい農村,,,,,,,,,
27194,あかるい夫婦計画,,,,,,,,,
36761,明るい未来の森,,,,,,,,,
14326,AGHARTA - アガルタ -,,,,,,,,,
8405,アガルタ,,,,,,,,,
8523,赤れんがストリート,,,,,,,,,
42222,赤ワインと生ハム,,,,,,,,,
77844,アカンサス,,,,,,,,,
90615,ACCOMPLICE,,,,,,,,,
46176,アカンベー,,,,,,,,,
16596,あかんべぇ天使,,,,,,,,,
39708,赤ん坊帝国,,,,,,,,,
21762,赤んぼ少女,,,,,,,,,
26743,赤んぼ先生,,,,,,,,,
26753,赤んぼ先生インタビュー,,,,,,,,,
23178,赤んぼ大変記,,,,,,,,,
33799,aki,,,,,,,,,
30399,アギ,,,,,,,,,
92700,亜樹 愛の絶唱,,,,,,,,,
94701,あきあきNO.1,,,,,,,,,
3393,秋色海岸通り,,,,,,,,,
3822,秋色すとおりい,,,,,,,,,
35145,秋色童話,,,,,,,,,
42760,秋色ポートレイト,,,,,,,,,
20442,秋色マーチ!,,,,,,,,,
35932,秋色妄想日和,,,,,,,,,
9972,秋色旅行,,,,,,,,,
44441,アキオ…,,,,,,,,,
11680,アキオ紀行バリ,,,,,,,,,
97392,おきおとナオちゃん,,,,,,,,,
30937,アキオ無宿ベトナム,,,,,,,,,
23395,秋風色のダイヤモンド,,,,,,,,,
10065,秋風色のリップスティック,,,,,,,,,
61425,秋風によろしく,,,,,,,,,
66096,秋風の贈り物,,,,,,,,,
73396,秋譚り,,,,,,,,,
94397,あきかん,,,,,,,,,
4957,AKIKO,,,,,,,,,
26136,AKIKO,,,,,,,,,
3429,愛生子,,,,,,,,,
3440,晶子恋歌,,,,,,,,,
99670,秋コンプリート!,,,,,,,,,
49065,秋鮭のおにぎり,,,,,,,,,
14851,空室あります,,,,,,,,,
75423,昭島スーサイド☆クラブ,,,,,,,,,
82478,a kiss,,,,,,,,,
73860,空巣ホイホイ!,,,,,,,,,
47357,あきそら,,,,,,,,,
40565,秋田妹! えびなちゃん,,,,,,,,,
66209,秋田・きりたんぽ,,,,,,,,,
47285,秋田県 〜じゅんさい〜,,,,,,,,,
51387,あきたこまちにひとめぼれ,,,,,,,,,
38537,秋田殺人事件,,,,,,,,,
49107,秋田・山の芋鍋 東京・浅草「赤垣」,,,,,,,,,
53483,アキタランド・ゴシック,,,,,,,,,
72193,アキチ探偵事務所,,,,,,,,,
48857,アキちゃんと森で,,,,,,,,,
38875,秋津,,,,,,,,,
33626,秋月あきひろのポジション,,,,,,,,,
43215,秋月さんは大人になれない,,,,,,,,,
35887,アキと君代の次回決闘!!,,,,,,,,,
36703,亜紀と11人の仲間,,,,,,,,,
57765,秋に往く,,,,,,,,,
21266,秋にすずみ…,,,,,,,,,
52060,秋にはふたありで,,,,,,,,,
1206,秋のおわりのピアニシモ,,,,,,,,,
21298,秋の畸人たち,,,,,,,,,
30510,秋の金魚,,,,,,,,,
26235,飽きのこない,,,,,,,,,
92103,秋の桜,,,,,,,,,
57770,秋の少年,,,,,,,,,
69079,安芸之介の夢,,,,,,,,,
73609,秋の大捜索スペシャル,,,,,,,,,
52491,秋の使い,,,,,,,,,
50233,秋の月の影,,,,,,,,,
68747,秋の天使,,,,,,,,,
58397,秋の時うつり,,,,,,,,,
67034,秋のはじまり、恋のはじまり,,,,,,,,,
8617,秋のまばたき,,,,,,,,,
71074,秋の味覚祭り,,,,,,,,,
32263,安芸の宮島殺人事件,,,,,,,,,
26180,秋の夜長,,,,,,,,,
47447,秋の夜長にほっこりフェスト 〜ムール貝のワイン蒸し〜,,,,,,,,,
84585,AKIBA,,,,,,,,,
98017,アキバ系メイド 森永ころん,,,,,,,,,
70818,アキバ署!,,,,,,,,,
36887,AKIBA'S TRIP2,,,,,,,,,
45485,アキバタリアン,,,,,,,,,
83972,アキハバラ暗黒街,,,,,,,,,
46768,秋葉原私設図書館 シャッツキステ4コマ,,,,,,,,,
83805,アキハバラ忍法帖,,,,,,,,,
76415,秋葉原のハルジオン,,,,,,,,,
79544,秋葉原は滅亡しました,,,,,,,,,
96411,秋葉原はユーサネイジアの夢を見るか?,,,,,,,,,
95838,アキハバラフォーリンラブ,,,,,,,,,
35802,アキハバラ無法街,,,,,,,,,
73701,あきば浪漫ス!,,,,,,,,,
3184,燁姫,,,,,,,,,
4472,秋への小径,,,,,,,,,
34115,秋まき小麦物語,,,,,,,,,
83679,秋祭り,,,,,,,,,
43592,アギャキャーマン,,,,,,,,,
96430,空き家に侵入して住む借金まみれ浮浪者手口,,,,,,,,,
46543,秋山くん,,,,,,,,,
46387,アキュラ,,,,,,,,,
78395,秋夜ゆらゆら,,,,,,,,,
73677,阿鬼羅,,,,,,,,,
1386,AKIRA,,,,,,,,,
17405,アキラくんの恋人,,,,,,,,,
56819,あきら先生は誰にも言えない,,,,,,,,,
79410,あきらちゃんはどうしてもチンチンをいれたい,,,,,,,,,
79409,あきらちゃんはどうしてもチンチンをなめたい,,,,,,,,,
89965,アキラとひより,,,,,,,,,
5101,あきら翔ぶ!!,,,,,,,,,
24921,あきらとめぐり会って,,,,,,,,,
70058,晶の四角い部屋,,,,,,,,,
28811,アキラ・ミオ大漂流,,,,,,,,,
57902,秋乱雨,,,,,,,,,
42136,諦めさせて,,,,,,,,,
86441,あきらめ女子の迎え方,,,,,,,,,
17243,あきらめるんじゃないよ,,,,,,,,,
62739,アキンボー,,,,,,,,,
33446,商人道 あきんロード,,,,,,,,,
20444,AQUA,,,,,,,,,
70629,AQUA,,,,,,,,,
38856,アクアガール,,,,,,,,,
101306,AQ×AK,,,,,,,,,
61088,アクアシ DEVIL'S ASSISTANT,,,,,,,,,
11362,アクア・ステップ・アップ,,,,,,,,,
14331,AQUADOM,,,,,,,,,
26603,アクア・ドロップ,,,,,,,,,
15204,水中騎士,,,,,,,,,
47557,AQUAの季節,,,,,,,,,
12252,アクアの呪い,,,,,,,,,
23579,AQUA PARADISE アクア・パラダイス,,,,,,,,,
11728,アクア・ブルーの島から,,,,,,,,,
14,アクアマリン,,,,,,,,,
11665,アクアマリンの夢,,,,,,,,,
19147,アクアリウム,,,,,,,,,
40813,アクアリウム,,,,,,,,,
17143,アクアリウム,,,,,,,,,
82918,aquarium fishes,,,,,,,,,
36789,あくあわーく,,,,,,,,,
17101,亜空域バスターサークル,,,,,,,,,
59878,亜空転騒フィクサリア,,,,,,,,,
57947,悪運,,,,,,,,,
39094,悪右衛門,,,,,,,,,
8986,アクエリアム,,,,,,,,,
9116,アクエリアン,,,,,,,,,
75705,アクエリアンエイジ Girls a War War!,,,,,,,,,
24995,アクエリアンエイジ オリオンの少年,,,,,,,,,
22160,アクエリアンエイジ-翼の記憶-,,,,,,,,,
76128,アクエリオンEVOL,,,,,,,,,
93043,悪堕戦姫,,,,,,,,,
11501,悪がよぶ!,,,,,,,,,
55275,あくがる,,,,,,,,,
82817,悪戯,,,,,,,,,
35236,悪行,,,,,,,,,
3973,悪業ハンター!!,,,,,,,,,
53492,悪魚の海,,,,,,,,,
50923,悪妻宣言,,,,,,,,,
53763,悪食王,,,,,,,,,
44566,悪食ジェンダー,,,,,,,,,
75804,悪食な馬と鹿,,,,,,,,,
51986,悪食のディナー,,,,,,,,,
56662,悪食のマリア,,,,,,,,,
74049,アクシズのハマーンさん,,,,,,,,,
18423,アクシデンツ-事故調クジラの事件簿-,,,,,,,,,
24846,アクシデント,,,,,,,,,
93321,あくしゃうつ,,,,,,,,,
87630,悪女,,,,,,,,,
32303,悪女,,,,,,,,,
95643,悪女が恋に落ちた時,,,,,,,,,
3430,悪女志願,,,,,,,,,
60607,悪女の遺伝子,,,,,,,,,
23457,悪女の鑑,,,,,,,,,
32526,悪女の条件 浮気な媚肉,,,,,,,,,
6854,悪女の日曜日,,,,,,,,,
6561,悪女聖書,,,,,,,,,
6562,悪女聖書II,,,,,,,,,
62992,悪女は夜つくられる,,,,,,,,,
4136,悪女は夜つくられる,,,,,,,,,
58642,アクション!!,,,,,,,,,
62643,アクション仮面,,,,,,,,,
32167,アクション子役キヌガサ君危機一髪!!,,,,,,,,,
1337,武戯巨星,,,,,,,,,
8235,アクション大魔王,,,,,,,,,
66089,アクションハンター・ピント,,,,,,,,,
55604,アクションヒロイン チアフルーツ,,,,,,,,,
22343,アクションロッキー,,,,,,,,,
21234,DEATH SCYTHE 悪神狩り,,,,,,,,,
91295,アクセサリヰ,,,,,,,,,
28113,アクセス,,,,,,,,,
20134,Access-B,,,,,,,,,
35146,悪舌,,,,,,,,,
53739,惡舌のモルフォ,,,,,,,,,
39458,アクセルスター,,,,,,,,,
96808,アクセルレックス,,,,,,,,,
74818,アクセル・ワールド,,,,,,,,,
2187,アクター,,,,,,,,,
58213,アクタージュ,,,,,,,,,
60669,芥川おしながき帖,,,,,,,,,
66737,芥川龍之介と牛乳と食パン,,,,,,,,,
12943,悪玉志願,,,,,,,,,
20389,悪田魔博士の陰謀 クレヨンしんちゃん番外編,,,,,,,,,
74751,芥虫,,,,,,,,,
49902,悪たれ!,,,,,,,,,
49950,あくたれ,,,,,,,,,
62219,あぐだれ,,,,,,,,,
44170,悪たれイレブン,,,,,,,,,
17120,悪たれ馬ドンキー,,,,,,,,,
13562,あくたれ球団,,,,,,,,,
4317,悪たれ巨人,,,,,,,,,
98088,あくたれ小僧,,,,,,,,,
97825,悪たれ大将軍,,,,,,,,,
98399,悪たれ天使,,,,,,,,,
5217,悪太郎,,,,,,,,,
73149,あくちぇる・わーるど。,,,,,,,,,
54544,アクチュアルワールド,,,,,,,,,
32511,亜久津輪姦スクールへようこそ!,,,,,,,,,
53343,アクティヴレイド 機動強襲室第八係,,,,,,,,,
82282,あくてぃびてぃっ! -情報支援活動探偵事務所-,,,,,,,,,
99958,あくてぃぶ,,,,,,,,,
101213,Active♥Passive,,,,,,,,,
90668,ACTING OUT,,,,,,,,,
59261,悪徒 -ACT-,,,,,,,,,
25555,悪党,,,,,,,,,
30625,悪党,,,,,,,,,
70743,悪1013,,,,,,,,,
2196,悪党商会,,,,,,,,,
49899,悪党商売,,,,,,,,,
44172,悪党仁義,,,,,,,,,
80948,悪党同盟,,,,,,,,,
46244,悪童文庫,,,,,,,,,
94965,悪党野郎,,,,,,,,,
46727,アクト・オン,,,,,,,,,
100758,あくと・きゅーとっ,,,,,,,,,
16286,悪徳学園,,,,,,,,,
12599,悪徳の栄え,,,,,,,,,
51080,悪徳の不幸 マダム・ハルコ その一,,,,,,,,,
19424,アクトレイザー,,,,,,,,,
7886,アクトレス,,,,,,,,,
10127,アクトレス,,,,,,,,,
93031,アクトレスアクト,,,,,,,,,
44377,アクトンベイビー,,,,,,,,,
10777,火神を盗め,,,,,,,,,
53838,惡忍 -加藤段蔵無頼伝-,,,,,,,,,
8060,悪人志願,,,,,,,,,
24356,アグネス仮面,,,,,,,,,
44178,アグネス・チャン物語,,,,,,,,,
9290,アグネス白書,,,,,,,,,
33686,悪の教典,,,,,,,,,
74003,悪の軍団,,,,,,,,,
52681,悪の決算,,,,,,,,,
48921,悪の女王の軌跡,,,,,,,,,
75281,悪の生徒会長,,,,,,,,,
86607,悪の虜,,,,,,,,,
46275,悪の華,,,,,,,,,
33527,惡の華,,,,,,,,,
51518,悪の華…!!,,,,,,,,,
2129,悪の華,,,,,,,,,
95079,悪の華道を行きましょう,,,,,,,,,
33049,アクノヒガン BEYOND EVIL,,,,,,,,,
45719,悪のボスと猫。,,,,,,,,,
78970,悪ノ召使,,,,,,,,,
98663,アクは延べよ!,,,,,,,,,
34495,あくび,,,,,,,,,
25166,あくびちゃん,,,,,,,,,
85532,A KUVIRAI DARK Princess,,,,,,,,,
47466,悪癖ナース,,,,,,,,,
57487,悪魔,,,,,,,,,
98004,悪魔,,,,,,,,,
27892,アクマイザー3,,,,,,,,,
25420,アクマイザー3 [テレビランド版],,,,,,,,,
25971,アクマイザー3 [冒険王版],,,,,,,,,
27146,アクマイザー3 [月刊少年マガジン版],,,,,,,,,
89265,悪魔曰く俺の嫁,,,,,,,,,
72161,悪魔ガール デビーチカ,,,,,,,,,
96895,あくまが来たりて,,,,,,,,,
92428,悪魔が来たりて笛を吹く,,,,,,,,,
